chain,category_clean,item_name,serve_size,serve_size_unit,calories_kcal,total_fat_g,saturated_fat_g,trans_fat_g,cholesterol_mg,sodium_mg,carbohydrates_g,dietary_fiber_g,sugars_g,protein_g,calories_kcal_norm,total_fat_norm,saturated_fat_norm,trans_fat_norm,cholesterol_norm,sodium_norm,carbohydrates_norm,dietary_fiber_norm,sugars_norm,protein_norm
McDondalds,breakfast,Egg McMuffin,136.0,g,300,13.0,5.0,0.0,260.0,750.0,31.0,4.0,3.0,17.0,220.59,9.56,3.68,0.0,191.18,551.47,22.79,2.94,2.21,12.5
McDondalds,breakfast,Egg White Delight,135.0,g,250,8.0,3.0,0.0,25.0,770.0,30.0,4.0,3.0,18.0,185.19,5.93,2.22,0.0,18.52,570.37,22.22,2.96,2.22,13.33
McDondalds,breakfast,Sausage McMuffin,111.0,g,370,23.0,8.0,0.0,45.0,780.0,29.0,4.0,2.0,14.0,333.33,20.72,7.21,0.0,40.54,702.7,26.13,3.6,1.8,12.61
McDondalds,breakfast,Sausage McMuffin with Egg,161.0,g,450,28.0,10.0,0.0,285.0,860.0,30.0,4.0,2.0,21.0,279.5,17.39,6.21,0.0,177.02,534.16,18.63,2.48,1.24,13.04
McDondalds,breakfast,Sausage McMuffin with Egg Whites,161.0,g,400,23.0,8.0,0.0,50.0,880.0,30.0,4.0,2.0,21.0,248.45,14.29,4.97,0.0,31.06,546.58,18.63,2.48,1.24,13.04
McDondalds,breakfast,Steak & Egg McMuffin,185.0,g,430,23.0,9.0,1.0,300.0,960.0,31.0,4.0,3.0,26.0,232.43,12.43,4.86,0.54,162.16,518.92,16.76,2.16,1.62,14.05
McDondalds,breakfast,"Bacon, Egg & Cheese Biscuit (Regular Biscuit)",150.0,g,460,26.0,13.0,0.0,250.0,1300.0,38.0,2.0,3.0,19.0,306.67,17.33,8.67,0.0,166.67,866.67,25.33,1.33,2.0,12.67
McDondalds,breakfast,"Bacon, Egg & Cheese Biscuit (Large Biscuit)",164.0,g,520,30.0,14.0,0.0,250.0,1410.0,43.0,3.0,4.0,19.0,317.07,18.29,8.54,0.0,152.44,859.76,26.22,1.83,2.44,11.59
McDondalds,breakfast,"Bacon, Egg & Cheese Biscuit with Egg Whites (Regular Biscuit)",153.0,g,410,20.0,11.0,0.0,35.0,1300.0,36.0,2.0,3.0,20.0,267.97,13.07,7.19,0.0,22.88,849.67,23.53,1.31,1.96,13.07
McDondalds,breakfast,"Bacon, Egg & Cheese Biscuit with Egg Whites (Large Biscuit)",167.0,g,470,25.0,12.0,0.0,35.0,1420.0,42.0,3.0,4.0,20.0,281.44,14.97,7.19,0.0,20.96,850.3,25.15,1.8,2.4,11.98
McDondalds,breakfast,Sausage Biscuit (Regular Biscuit),117.0,g,430,27.0,12.0,0.0,30.0,1080.0,34.0,2.0,2.0,11.0,367.52,23.08,10.26,0.0,25.64,923.08,29.06,1.71,1.71,9.4
McDondalds,breakfast,Sausage Biscuit (Large Biscuit),131.0,g,480,31.0,13.0,0.0,30.0,1190.0,39.0,3.0,3.0,11.0,366.41,23.66,9.92,0.0,22.9,908.4,29.77,2.29,2.29,8.4
McDondalds,breakfast,Sausage Biscuit with Egg (Regular Biscuit),163.0,g,510,33.0,14.0,0.0,250.0,1170.0,36.0,2.0,2.0,18.0,312.88,20.25,8.59,0.0,153.37,717.79,22.09,1.23,1.23,11.04
McDondalds,breakfast,Sausage Biscuit with Egg (Large Biscuit),177.0,g,570,37.0,15.0,0.0,250.0,1280.0,42.0,3.0,3.0,18.0,322.03,20.9,8.47,0.0,141.24,723.16,23.73,1.69,1.69,10.17
McDondalds,breakfast,Sausage Biscuit with Egg Whites (Regular Biscuit),167.0,g,460,27.0,12.0,0.0,35.0,1180.0,34.0,2.0,3.0,18.0,275.45,16.17,7.19,0.0,20.96,706.59,20.36,1.2,1.8,10.78
McDondalds,breakfast,Sausage Biscuit with Egg Whites (Large Biscuit),181.0,g,520,32.0,13.0,0.0,35.0,1290.0,40.0,3.0,3.0,18.0,287.29,17.68,7.18,0.0,19.34,712.71,22.1,1.66,1.66,9.94
McDondalds,breakfast,Southern Style Chicken Biscuit (Regular Biscuit),143.0,g,410,20.0,8.0,0.0,30.0,1180.0,41.0,2.0,3.0,17.0,286.71,13.99,5.59,0.0,20.98,825.17,28.67,1.4,2.1,11.89
McDondalds,breakfast,Southern Style Chicken Biscuit (Large Biscuit),157.0,g,470,24.0,9.0,0.0,30.0,1290.0,46.0,3.0,4.0,17.0,299.36,15.29,5.73,0.0,19.11,821.66,29.3,1.91,2.55,10.83
McDondalds,breakfast,Steak & Egg Biscuit (Regular Biscuit),201.0,g,540,32.0,16.0,1.0,280.0,1470.0,38.0,2.0,3.0,25.0,268.66,15.92,7.96,0.5,139.3,731.34,18.91,1.0,1.49,12.44
McDondalds,breakfast,"Bacon, Egg & Cheese McGriddles",174.0,g,460,21.0,9.0,0.0,250.0,1250.0,48.0,2.0,15.0,19.0,264.37,12.07,5.17,0.0,143.68,718.39,27.59,1.15,8.62,10.92
McDondalds,breakfast,"Bacon, Egg & Cheese McGriddles with Egg Whites",178.0,g,400,15.0,7.0,0.0,35.0,1250.0,47.0,2.0,16.0,20.0,224.72,8.43,3.93,0.0,19.66,702.25,26.4,1.12,8.99,11.24
McDondalds,breakfast,Sausage McGriddles,141.0,g,420,22.0,8.0,0.0,35.0,1030.0,44.0,2.0,15.0,11.0,297.87,15.6,5.67,0.0,24.82,730.5,31.21,1.42,10.64,7.8
McDondalds,breakfast,"Sausage, Egg & Cheese McGriddles",201.0,g,550,31.0,12.0,0.0,265.0,1320.0,48.0,2.0,15.0,20.0,273.63,15.42,5.97,0.0,131.84,656.72,23.88,1.0,7.46,9.95
McDondalds,breakfast,"Sausage, Egg & Cheese McGriddles with Egg Whites",205.0,g,500,26.0,10.0,0.0,50.0,1320.0,46.0,2.0,15.0,21.0,243.9,12.68,4.88,0.0,24.39,643.9,22.44,0.98,7.32,10.24
McDondalds,breakfast,"Bacon, Egg & Cheese Bagel",197.0,g,620,31.0,11.0,0.5,275.0,1480.0,57.0,3.0,7.0,30.0,314.72,15.74,5.58,0.25,139.59,751.27,28.93,1.52,3.55,15.23
McDondalds,breakfast,"Bacon, Egg & Cheese Bagel with Egg Whites",201.0,g,570,25.0,9.0,0.5,60.0,1480.0,55.0,3.0,8.0,30.0,283.58,12.44,4.48,0.25,29.85,736.32,27.36,1.49,3.98,14.93
McDondalds,breakfast,"Steak, Egg & Cheese Bagel",241.0,g,670,35.0,13.0,1.5,295.0,1510.0,56.0,3.0,7.0,33.0,278.01,14.52,5.39,0.62,122.41,626.56,23.24,1.24,2.9,13.69
McDondalds,breakfast,Big Breakfast (Regular Biscuit),269.0,g,740,48.0,17.0,0.0,555.0,1560.0,51.0,3.0,3.0,28.0,275.09,17.84,6.32,0.0,206.32,579.93,18.96,1.12,1.12,10.41
McDondalds,breakfast,Big Breakfast (Large Biscuit),283.0,g,800,52.0,18.0,0.0,555.0,1680.0,56.0,4.0,3.0,28.0,282.69,18.37,6.36,0.0,196.11,593.64,19.79,1.41,1.06,9.89
McDondalds,breakfast,Big Breakfast with Egg Whites (Regular Biscuit),272.0,g,640,37.0,14.0,0.0,35.0,1590.0,50.0,3.0,3.0,26.0,235.29,13.6,5.15,0.0,12.87,584.56,18.38,1.1,1.1,9.56
McDondalds,breakfast,Big Breakfast with Egg Whites (Large Biscuit),286.0,g,690,41.0,14.0,0.0,35.0,1700.0,55.0,4.0,4.0,26.0,241.26,14.34,4.9,0.0,12.24,594.41,19.23,1.4,1.4,9.09
McDondalds,breakfast,Big Breakfast with Hotcakes (Regular Biscuit),420.0,g,1090,56.0,19.0,0.0,575.0,2150.0,111.0,6.0,17.0,36.0,259.52,13.33,4.52,0.0,136.9,511.9,26.43,1.43,4.05,8.57
McDondalds,breakfast,Big Breakfast with Hotcakes (Large Biscuit),434.0,g,1150,60.0,20.0,0.0,575.0,2260.0,116.0,7.0,17.0,36.0,264.98,13.82,4.61,0.0,132.49,520.74,26.73,1.61,3.92,8.29
McDondalds,breakfast,Big Breakfast with Hotcakes and Egg Whites (Regular Biscuit),423.0,g,990,46.0,16.0,0.0,55.0,2170.0,110.0,6.0,17.0,35.0,234.04,10.87,3.78,0.0,13.0,513.0,26.0,1.42,4.02,8.27
McDondalds,breakfast,Big Breakfast with Hotcakes and Egg Whites (Large Biscuit),437.0,g,1050,50.0,16.0,0.0,55.0,2290.0,115.0,7.0,18.0,35.0,240.27,11.44,3.66,0.0,12.59,524.03,26.32,1.6,4.12,8.01
McDondalds,breakfast,Hotcakes,151.0,g,350,9.0,2.0,0.0,20.0,590.0,60.0,3.0,14.0,8.0,231.79,5.96,1.32,0.0,13.25,390.73,39.74,1.99,9.27,5.3
McDondalds,breakfast,Hotcakes and Sausage,192.0,g,520,24.0,7.0,0.0,50.0,930.0,61.0,3.0,14.0,15.0,270.83,12.5,3.65,0.0,26.04,484.38,31.77,1.56,7.29,7.81
McDondalds,breakfast,Sausage Burrito,111.0,g,300,16.0,7.0,0.0,115.0,790.0,26.0,1.0,2.0,12.0,270.27,14.41,6.31,0.0,103.6,711.71,23.42,0.9,1.8,10.81
McDondalds,breakfast,Hash Brown,56.0,g,150,9.0,1.5,0.0,0.0,310.0,15.0,2.0,0.0,1.0,267.86,16.07,2.68,0.0,0.0,553.57,26.79,3.57,0.0,1.79
McDondalds,breakfast,Cinnamon Melts,114.0,g,460,19.0,9.0,0.0,15.0,370.0,66.0,3.0,32.0,6.0,403.51,16.67,7.89,0.0,13.16,324.56,57.89,2.63,28.07,5.26
McDondalds,breakfast,Fruit & Maple Oatmeal,251.0,g,290,4.0,1.5,0.0,5.0,160.0,58.0,5.0,32.0,5.0,115.54,1.59,0.6,0.0,1.99,63.75,23.11,1.99,12.75,1.99
McDondalds,breakfast,Fruit & Maple Oatmeal without Brown Sugar,251.0,g,260,4.0,1.5,0.0,5.0,115.0,49.0,5.0,18.0,5.0,103.59,1.59,0.6,0.0,1.99,45.82,19.52,1.99,7.17,1.99
McDondalds,burger,Big Mac,211.0,g,530,27.0,10.0,1.0,85.0,960.0,47.0,3.0,9.0,24.0,251.18,12.8,4.74,0.47,40.28,454.98,22.27,1.42,4.27,11.37
McDondalds,burger,Quarter Pounder with Cheese,202.0,g,520,26.0,12.0,1.5,95.0,1100.0,41.0,3.0,10.0,30.0,257.43,12.87,5.94,0.74,47.03,544.55,20.3,1.49,4.95,14.85
McDondalds,burger,Quarter Pounder with Bacon & Cheese,227.0,g,600,29.0,13.0,1.5,105.0,1440.0,48.0,3.0,12.0,37.0,264.32,12.78,5.73,0.66,46.26,634.36,21.15,1.32,5.29,16.3
McDondalds,burger,Quarter Pounder with Bacon Habanero Ranch,235.0,g,610,31.0,13.0,1.5,105.0,1180.0,46.0,3.0,10.0,37.0,259.57,13.19,5.53,0.64,44.68,502.13,19.57,1.28,4.26,15.74
McDondalds,burger,Quarter Pounder Deluxe,244.0,g,540,27.0,11.0,1.5,85.0,960.0,45.0,3.0,9.0,29.0,221.31,11.07,4.51,0.61,34.84,393.44,18.44,1.23,3.69,11.89
McDondalds,burger,Double Quarter Pounder with Cheese,283.0,g,750,43.0,19.0,2.5,160.0,1280.0,42.0,3.0,10.0,48.0,265.02,15.19,6.71,0.88,56.54,452.3,14.84,1.06,3.53,16.96
McDondalds,burger,Hamburger,98.0,g,240,8.0,3.0,0.0,30.0,480.0,32.0,1.0,6.0,12.0,244.9,8.16,3.06,0.0,30.61,489.8,32.65,1.02,6.12,12.24
McDondalds,burger,Cheeseburger,113.0,g,290,11.0,5.0,0.5,45.0,680.0,33.0,2.0,7.0,15.0,256.64,9.73,4.42,0.44,39.82,601.77,29.2,1.77,6.19,13.27
McDondalds,burger,Double Cheeseburger,161.0,g,430,21.0,10.0,1.0,90.0,1040.0,35.0,2.0,7.0,24.0,267.08,13.04,6.21,0.62,55.9,645.96,21.74,1.24,4.35,14.91
McDondalds,burger,Bacon Clubhouse Burger,270.0,g,720,40.0,15.0,1.5,115.0,1470.0,51.0,4.0,14.0,39.0,266.67,14.81,5.56,0.56,42.59,544.44,18.89,1.48,5.19,14.44
McDondalds,burger,McDouble,147.0,g,380,17.0,8.0,1.0,75.0,840.0,34.0,2.0,7.0,22.0,258.5,11.56,5.44,0.68,51.02,571.43,23.13,1.36,4.76,14.97
McDondalds,burger,Bacon McDouble,161.0,g,440,22.0,10.0,1.0,90.0,1110.0,35.0,2.0,7.0,27.0,273.29,13.66,6.21,0.62,55.9,689.44,21.74,1.24,4.35,16.77
McDondalds,burger,Daily Double,190.0,g,430,22.0,9.0,1.0,80.0,760.0,34.0,2.0,7.0,22.0,226.32,11.58,4.74,0.53,42.11,400.0,17.89,1.05,3.68,11.58
McDondalds,burger,Jalapeño Double,159.0,g,430,23.0,9.0,1.0,80.0,1030.0,35.0,2.0,6.0,22.0,270.44,14.47,5.66,0.63,50.31,647.8,22.01,1.26,3.77,13.84
McDondalds,burger,McRib,208.0,g,500,26.0,10.0,0.0,70.0,980.0,44.0,3.0,11.0,22.0,240.38,12.5,4.81,0.0,33.65,471.15,21.15,1.44,5.29,10.58
McDondalds,burger,Premium Crispy Chicken Classic Sandwich,213.0,g,510,22.0,3.5,0.0,45.0,990.0,55.0,3.0,10.0,24.0,239.44,10.33,1.64,0.0,21.13,464.79,25.82,1.41,4.69,11.27
McDondalds,burger,Premium Grilled Chicken Classic Sandwich,200.0,g,350,9.0,2.0,0.0,65.0,820.0,42.0,3.0,8.0,28.0,175.0,4.5,1.0,0.0,32.5,410.0,21.0,1.5,4.0,14.0
McDondalds,burger,Premium Crispy Chicken Club Sandwich,249.0,g,670,33.0,9.0,0.0,85.0,1410.0,58.0,3.0,11.0,36.0,269.08,13.25,3.61,0.0,34.14,566.27,23.29,1.2,4.42,14.46
McDondalds,burger,Premium Grilled Chicken Club Sandwich,235.0,g,510,20.0,7.0,0.0,105.0,1250.0,44.0,3.0,9.0,40.0,217.02,8.51,2.98,0.0,44.68,531.91,18.72,1.28,3.83,17.02
McDondalds,burger,Premium Crispy Chicken Ranch BLT Sandwich,230.0,g,610,28.0,6.0,0.0,70.0,1400.0,57.0,3.0,11.0,32.0,265.22,12.17,2.61,0.0,30.43,608.7,24.78,1.3,4.78,13.91
McDondalds,burger,Premium Grilled Chicken Ranch BLT Sandwich,217.0,g,450,15.0,4.5,0.0,90.0,1230.0,43.0,3.0,9.0,36.0,207.37,6.91,2.07,0.0,41.47,566.82,19.82,1.38,4.15,16.59
McDondalds,burger,Bacon Clubhouse Crispy Chicken Sandwich,284.0,g,750,38.0,10.0,0.5,90.0,1720.0,65.0,4.0,16.0,36.0,264.08,13.38,3.52,0.18,31.69,605.63,22.89,1.41,5.63,12.68
McDondalds,burger,Bacon Clubhouse Grilled Chicken Sandwich,270.0,g,590,25.0,8.0,0.0,110.0,1560.0,51.0,4.0,14.0,40.0,218.52,9.26,2.96,0.0,40.74,577.78,18.89,1.48,5.19,14.81
McDondalds,burger,Southern Style Crispy Chicken Sandwich,160.0,g,430,19.0,3.0,0.0,45.0,910.0,43.0,2.0,7.0,21.0,268.75,11.88,1.88,0.0,28.12,568.75,26.88,1.25,4.38,13.12
McDondalds,burger,McChicken,143.0,g,360,16.0,3.0,0.0,35.0,800.0,40.0,2.0,5.0,14.0,251.75,11.19,2.1,0.0,24.48,559.44,27.97,1.4,3.5,9.79
McDondalds,burger,Bacon Cheddar McChicken,171.0,g,480,24.0,7.0,0.0,65.0,1260.0,43.0,2.0,6.0,22.0,280.7,14.04,4.09,0.0,38.01,736.84,25.15,1.17,3.51,12.87
McDondalds,burger,Bacon Buffalo Ranch McChicken,161.0,g,430,21.0,5.0,0.0,50.0,1260.0,41.0,2.0,6.0,20.0,267.08,13.04,3.11,0.0,31.06,782.61,25.47,1.24,3.73,12.42
McDondalds,burger,Buffalo Ranch McChicken,148.0,g,360,16.0,3.0,0.0,35.0,990.0,40.0,2.0,5.0,14.0,243.24,10.81,2.03,0.0,23.65,668.92,27.03,1.35,3.38,9.46
McDondalds,burger,Premium McWrap Chicken & Bacon (Crispy Chicken),316.0,g,630,32.0,9.0,0.5,80.0,1540.0,56.0,3.0,7.0,32.0,199.37,10.13,2.85,0.16,25.32,487.34,17.72,0.95,2.22,10.13
McDondalds,burger,Premium McWrap Chicken & Bacon (Grilled Chicken),302.0,g,480,19.0,7.0,0.0,95.0,1370.0,42.0,3.0,6.0,36.0,158.94,6.29,2.32,0.0,31.46,453.64,13.91,0.99,1.99,11.92
McDondalds,burger,Premium McWrap Chicken & Ranch (Crispy Chicken),310.0,g,610,31.0,8.0,0.5,65.0,1340.0,56.0,3.0,8.0,27.0,196.77,10.0,2.58,0.16,20.97,432.26,18.06,0.97,2.58,8.71
McDondalds,burger,Premium McWrap Chicken & Ranch (Grilled Chicken),297.0,g,450,18.0,6.0,0.5,80.0,1170.0,42.0,3.0,6.0,30.0,151.52,6.06,2.02,0.17,26.94,393.94,14.14,1.01,2.02,10.1
McDondalds,burger,Premium McWrap Southwest Chicken (Crispy Chicken),314.0,g,670,33.0,8.0,0.5,60.0,1480.0,68.0,5.0,12.0,27.0,213.38,10.51,2.55,0.16,19.11,471.34,21.66,1.59,3.82,8.6
McDondalds,burger,Premium McWrap Southwest Chicken (Grilled Chicken),318.0,g,520,20.0,6.0,0.0,80.0,1320.0,55.0,5.0,10.0,31.0,163.52,6.29,1.89,0.0,25.16,415.09,17.3,1.57,3.14,9.75
McDondalds,burger,Premium McWrap Chicken Sweet Chili (Crispy Chicken),304.0,g,540,23.0,4.5,0.0,50.0,1260.0,61.0,3.0,14.0,23.0,177.63,7.57,1.48,0.0,16.45,414.47,20.07,0.99,4.61,7.57
McDondalds,burger,Premium McWrap Chicken Sweet Chili (Grilled Chicken),291.0,g,380,10.0,3.0,0.0,65.0,1090.0,47.0,3.0,12.0,27.0,130.58,3.44,1.03,0.0,22.34,374.57,16.15,1.03,4.12,9.28
McDondalds,sides,Chicken McNuggets (4 piece),65.0,g,190,12.0,2.0,0.0,25.0,360.0,12.0,1.0,0.0,9.0,292.31,18.46,3.08,0.0,38.46,553.85,18.46,1.54,0.0,13.85
McDondalds,sides,Chicken McNuggets (6 piece),97.0,g,280,18.0,3.0,0.0,40.0,540.0,18.0,1.0,0.0,13.0,288.66,18.56,3.09,0.0,41.24,556.7,18.56,1.03,0.0,13.4
McDondalds,sides,Chicken McNuggets (10 piece),162.0,g,470,30.0,5.0,0.0,65.0,900.0,30.0,2.0,0.0,22.0,290.12,18.52,3.09,0.0,40.12,555.56,18.52,1.23,0.0,13.58
McDondalds,sides,Chicken McNuggets (20 piece),323.0,g,940,59.0,10.0,0.0,135.0,1800.0,59.0,3.0,0.0,44.0,291.02,18.27,3.1,0.0,41.8,557.28,18.27,0.93,0.0,13.62
McDondalds,sides,Chicken McNuggets (40 piece),646.0,g,1880,118.0,20.0,1.0,265.0,3600.0,118.0,6.0,1.0,87.0,291.02,18.27,3.1,0.15,41.02,557.28,18.27,0.93,0.15,13.47
McDondalds,burger,Filet-O-Fish,142.0,g,390,19.0,4.0,0.0,40.0,590.0,39.0,2.0,5.0,15.0,274.65,13.38,2.82,0.0,28.17,415.49,27.46,1.41,3.52,10.56
McDondalds,salad,Premium Bacon Ranch Salad (without Chicken),223.0,g,140,7.0,3.5,0.0,25.0,300.0,10.0,3.0,4.0,9.0,62.78,3.14,1.57,0.0,11.21,134.53,4.48,1.35,1.79,4.04
McDondalds,salad,Premium Bacon Ranch Salad with Crispy Chicken,255.0,g,380,21.0,6.0,0.0,70.0,860.0,22.0,2.0,5.0,25.0,149.02,8.24,2.35,0.0,27.45,337.25,8.63,0.78,1.96,9.8
McDondalds,salad,Premium Bacon Ranch Salad with Grilled Chicken,241.0,g,220,8.0,4.0,0.0,85.0,690.0,8.0,2.0,4.0,29.0,91.29,3.32,1.66,0.0,35.27,286.31,3.32,0.83,1.66,12.03
McDondalds,salad,Premium Southwest Salad (without Chicken),230.0,g,140,4.5,2.0,0.0,10.0,150.0,20.0,6.0,6.0,6.0,60.87,1.96,0.87,0.0,4.35,65.22,8.7,2.61,2.61,2.61
McDondalds,salad,Premium Southwest Salad with Crispy Chicken,348.0,g,450,22.0,4.5,0.0,50.0,850.0,42.0,7.0,12.0,23.0,129.31,6.32,1.29,0.0,14.37,244.25,12.07,2.01,3.45,6.61
McDondalds,salad,Premium Southwest Salad with Grilled Chicken,335.0,g,290,8.0,2.5,0.0,70.0,680.0,28.0,7.0,10.0,27.0,86.57,2.39,0.75,0.0,20.9,202.99,8.36,2.09,2.99,8.06
McDondalds,wrap,Chipotle BBQ Snack Wrap (Crispy Chicken),130.0,g,340,15.0,4.5,0.0,30.0,780.0,37.0,1.0,8.0,14.0,261.54,11.54,3.46,0.0,23.08,600.0,28.46,0.77,6.15,10.77
McDondalds,wrap,Chipotle BBQ Snack Wrap (Grilled Chicken),123.0,g,260,8.0,3.5,0.0,40.0,700.0,30.0,1.0,7.0,16.0,211.38,6.5,2.85,0.0,32.52,569.11,24.39,0.81,5.69,13.01
McDondalds,wrap,Honey Mustard Snack Wrap (Crispy Chicken),123.0,g,330,15.0,4.5,0.0,35.0,730.0,34.0,1.0,3.0,14.0,268.29,12.2,3.66,0.0,28.46,593.5,27.64,0.81,2.44,11.38
McDondalds,wrap,Honey Mustard Snack Wrap (Grilled Chicken),116.0,g,250,8.0,3.5,0.0,45.0,650.0,27.0,1.0,2.0,16.0,215.52,6.9,3.02,0.0,38.79,560.34,23.28,0.86,1.72,13.79
McDondalds,wrap,Ranch Snack Wrap (Crispy Chicken),128.0,g,360,20.0,5.0,0.0,40.0,810.0,32.0,1.0,3.0,15.0,281.25,15.62,3.91,0.0,31.25,632.81,25.0,0.78,2.34,11.72
McDondalds,wrap,Ranch Snack Wrap (Grilled Chicken),121.0,g,280,13.0,4.5,0.0,45.0,720.0,25.0,1.0,2.0,16.0,231.4,10.74,3.72,0.0,37.19,595.04,20.66,0.83,1.65,13.22
McDondalds,sides,Small French Fries,75.0,g,230,11.0,1.5,0.0,0.0,130.0,30.0,2.0,0.0,2.0,306.67,14.67,2.0,0.0,0.0,173.33,40.0,2.67,0.0,2.67
McDondalds,sides,Medium French Fries,111.0,g,340,16.0,2.5,0.0,0.0,190.0,44.0,4.0,0.0,4.0,306.31,14.41,2.25,0.0,0.0,171.17,39.64,3.6,0.0,3.6
McDondalds,sides,Large French Fries,168.0,g,510,24.0,3.5,0.0,0.0,290.0,67.0,5.0,0.0,6.0,303.57,14.29,2.08,0.0,0.0,172.62,39.88,2.98,0.0,3.57
McDondalds,kids_menu,Kids French Fries,38.0,g,110,5.0,1.0,0.0,0.0,65.0,15.0,1.0,0.0,1.0,289.47,13.16,2.63,0.0,0.0,171.05,39.47,2.63,0.0,2.63
McDondalds,salad,Side Salad,87.0,g,20,0.0,0.0,0.0,0.0,10.0,4.0,1.0,2.0,1.0,22.99,0.0,0.0,0.0,0.0,11.49,4.6,1.15,2.3,1.15
McDondalds,dessert,Apple Slices,34.0,g,15,0.0,0.0,0.0,0.0,0.0,4.0,0.0,3.0,0.0,44.12,0.0,0.0,0.0,0.0,0.0,11.76,0.0,8.82,0.0
McDondalds,dessert,Fruit 'n Yogurt Parfait,149.0,g,150,2.0,1.0,0.0,5.0,70.0,30.0,1.0,23.0,4.0,100.67,1.34,0.67,0.0,3.36,46.98,20.13,0.67,15.44,2.68
McDondalds,dessert,Baked Apple Pie,77.0,g,250,13.0,7.0,0.0,0.0,170.0,32.0,4.0,13.0,2.0,324.68,16.88,9.09,0.0,0.0,220.78,41.56,5.19,16.88,2.6
McDondalds,dessert,Chocolate Chip Cookie,33.0,g,160,8.0,3.5,0.0,10.0,90.0,21.0,1.0,15.0,2.0,484.85,24.24,10.61,0.0,30.3,272.73,63.64,3.03,45.45,6.06
McDondalds,dessert,Oatmeal Raisin Cookie,33.0,g,150,6.0,2.5,0.0,10.0,135.0,22.0,1.0,13.0,2.0,454.55,18.18,7.58,0.0,30.3,409.09,66.67,3.03,39.39,6.06
McDondalds,dessert,Kids Ice Cream Cone,29.0,g,45,1.5,1.0,0.0,5.0,20.0,7.0,0.0,6.0,1.0,155.17,5.17,3.45,0.0,17.24,68.97,24.14,0.0,20.69,3.45
McDondalds,dessert,Hot Fudge Sundae,179.0,g,330,9.0,7.0,0.0,25.0,170.0,53.0,1.0,48.0,8.0,184.36,5.03,3.91,0.0,13.97,94.97,29.61,0.56,26.82,4.47
McDondalds,dessert,Hot Caramel Sundae,182.0,g,340,8.0,5.0,0.0,30.0,150.0,60.0,0.0,43.0,7.0,186.81,4.4,2.75,0.0,16.48,82.42,32.97,0.0,23.63,3.85
McDondalds,dessert,Strawberry Sundae,178.0,g,280,6.0,4.0,0.0,25.0,85.0,49.0,0.0,45.0,6.0,157.3,3.37,2.25,0.0,14.04,47.75,27.53,0.0,25.28,3.37
McDondalds,beverage,McFlurry with M&M’s Candies (Small),310.0,g,650,23.0,14.0,0.5,50.0,180.0,96.0,1.0,89.0,13.0,209.68,7.42,4.52,0.16,16.13,58.06,30.97,0.32,28.71,4.19
McDondalds,beverage,McFlurry with M&M’s Candies (Medium),460.0,g,930,33.0,20.0,1.0,75.0,260.0,139.0,2.0,128.0,20.0,202.17,7.17,4.35,0.22,16.3,56.52,30.22,0.43,27.83,4.35
McDondalds,beverage,McFlurry with M&M’s Candies (Snack),207.0,g,430,15.0,10.0,0.0,35.0,120.0,64.0,1.0,59.0,9.0,207.73,7.25,4.83,0.0,16.91,57.97,30.92,0.48,28.5,4.35
McDondalds,beverage,McFlurry with Oreo Cookies (Small),285.0,g,510,17.0,9.0,0.5,45.0,280.0,80.0,1.0,64.0,12.0,178.95,5.96,3.16,0.18,15.79,98.25,28.07,0.35,22.46,4.21
McDondalds,beverage,McFlurry with Oreo Cookies (Medium),381.0,g,690,23.0,12.0,1.0,55.0,380.0,106.0,1.0,85.0,15.0,181.1,6.04,3.15,0.26,14.44,99.74,27.82,0.26,22.31,3.94
McDondalds,beverage,McFlurry with Oreo Cookies (Snack),190.0,g,340,11.0,6.0,0.0,30.0,190.0,53.0,1.0,43.0,8.0,178.95,5.79,3.16,0.0,15.79,100.0,27.89,0.53,22.63,4.21
McDondalds,beverage,McFlurry with Reese's Peanut Butter Cups (Medium),403.0,g,810,32.0,15.0,1.0,60.0,400.0,114.0,2.0,103.0,21.0,200.99,7.94,3.72,0.25,14.89,99.26,28.29,0.5,25.56,5.21
McDondalds,beverage,McFlurry with Reese's Peanut Butter Cups (Snack),202.0,g,410,16.0,8.0,0.0,30.0,200.0,57.0,1.0,51.0,10.0,202.97,7.92,3.96,0.0,14.85,99.01,28.22,0.5,25.25,4.95
McDondalds,sauce,home made sauce,30.0,g,41,3.4,0.3,,,0.5,2.3,0.2,1.5,0.4,136.67,11.33,1.0,,,1.67,7.67,0.67,5.0,1.33
McDondalds,sauce,balsamico,30.0,g,22,0.8,0.1,,,0.6,3.2,0.1,3.2,0.0,73.33,2.67,0.33,,,2.0,10.67,0.33,10.67,0.0
McDondalds,sauce,caesar,50.0,g,152,14.0,1.4,,,0.9,4.0,0.2,3.0,1.2,304.0,28.0,2.8,,,1.8,8.0,0.4,6.0,2.4
subway,sandwich,BBQ Rib,208.0,g,580,31.0,10.0,0.0,60.0,1260.0,54.0,3.0,18.0,21.0,278.85,14.9,4.81,0.0,28.85,605.77,25.96,1.44,8.65,10.1
subway,sandwich,Black Forest Ham,219.0,g,260,4.0,1.0,0.0,30.0,750.0,42.0,5.0,7.0,19.0,118.72,1.83,0.46,0.0,13.7,342.47,19.18,2.28,3.2,8.68
subway,sandwich,Chicken & Bacon Ranch Melt,284.0,g,540,26.0,10.0,,100.0,1100.0,41.0,3.0,5.0,36.0,190.14,9.15,3.52,,35.21,387.32,14.44,1.06,1.76,12.68
subway,sandwich,Chicken Mango Curry,234.0,g,330,7.0,,0.0,50.0,840.0,43.0,3.0,8.0,24.0,141.03,2.99,,0.0,21.37,358.97,18.38,1.28,3.42,10.26
subway,sandwich,Chicken Tikka,205.0,g,290,5.0,1.0,0.0,50.0,720.0,39.0,2.0,5.0,23.0,141.46,2.44,0.49,0.0,24.39,351.22,19.02,0.98,2.44,11.22
subway,sandwich,Chicken Vindaloo,234.0,g,340,9.0,1.0,0.0,50.0,880.0,42.0,3.0,6.0,24.0,145.3,3.85,0.43,0.0,21.37,376.07,17.95,1.28,2.56,10.26
subway,sandwich,Classic Tuna,223.0,g,450,25.0,,0.0,40.0,610.0,38.0,2.0,5.0,19.0,201.79,11.21,,0.0,17.94,273.54,17.04,0.9,2.24,8.52
subway,sandwich,Cold Cut Combo,213.0,g,330,12.0,,0.0,45.0,1060.0,40.0,2.0,5.0,16.0,154.93,5.63,,0.0,21.13,497.65,18.78,0.94,2.35,7.51
subway,sandwich,Genoa Salami,208.0,g,430,23.0,8.0,0.0,60.0,1180.0,40.0,2.0,5.0,18.0,206.73,11.06,3.85,0.0,28.85,567.31,19.23,0.96,2.4,8.65
subway,sandwich,Italian B.M.T.®,213.0,g,380,17.0,6.0,0.0,50.0,1100.0,40.0,2.0,5.0,19.0,178.4,7.98,2.82,0.0,23.47,516.43,18.78,0.94,2.35,8.92
subway,sandwich,Meatball Marinara,205.0,g,430,18.0,7.0,0.0,40.0,1040.0,48.0,4.0,8.0,20.0,209.76,8.78,3.41,0.0,19.51,507.32,23.41,1.95,3.9,9.76
subway,sandwich,New Ham & Jack Slider,62.0,g,150,,2.0,0.0,20.0,470.0,18.0,1.0,1.0,8.0,241.94,,3.23,0.0,32.26,758.06,29.03,1.61,1.61,12.9
subway,sandwich,New Italian Spice Slider,64.0,g,230,14.0,5.0,0.0,30.0,690.0,18.0,1.0,1.0,8.0,359.38,21.88,7.81,0.0,46.88,1078.12,28.12,1.56,1.56,12.5
subway,sandwich,New Little Cheesesteak Slider,64.0,g,180,7.0,2.0,0.0,15.0,430.0,19.0,1.0,2.0,7.0,281.25,10.94,3.12,0.0,23.44,671.88,29.69,1.56,3.12,10.94
subway,sandwich,New Little Turkey Slider,71.0,g,200,10.0,,0.0,25.0,450.0,17.0,1.0,1.0,8.0,281.69,14.08,,0.0,35.21,633.8,23.94,1.41,1.41,11.27
subway,sandwich,New Southwest Chicken Club,293.0,g,580,29.0,9.0,0.0,95.0,1230.0,43.0,4.0,6.0,34.0,197.95,9.9,3.07,0.0,32.42,419.8,14.68,1.37,2.05,11.6
subway,sandwich,New Steak Club,225.0,g,490,26.0,7.0,0.0,65.0,1290.0,40.0,2.0,6.0,26.0,217.78,11.56,3.11,0.0,28.89,573.33,17.78,0.89,2.67,11.56
subway,sandwich,NEW Ultimate Steak,216.0,g,600,35.0,14.0,1.0,80.0,1330.0,42.0,3.0,5.0,31.0,277.78,16.2,6.48,0.46,37.04,615.74,19.44,1.39,2.31,14.35
subway,sandwich,Oven Roasted Chicken ,233.0,g,270,,,0.0,45.0,560.0,40.0,5.0,6.0,23.0,115.88,,,0.0,19.31,240.34,17.17,2.15,2.58,9.87
subway,sandwich,Paneer Tikka,262.0,g,570,30.0,16.0,,70.0,720.0,48.0,3.0,7.0,29.0,217.56,11.45,6.11,,26.72,274.81,18.32,1.15,2.67,11.07
subway,sandwich,Roast Beef,233.0,g,290,,,0.0,45.0,660.0,40.0,5.0,6.0,25.0,124.46,,,0.0,19.31,283.26,17.17,2.15,2.58,10.73
subway,sandwich,Rotisserie-Style Chicken,248.0,g,310,6.0,,0.0,55.0,560.0,40.0,5.0,6.0,29.0,125.0,2.42,,0.0,22.18,225.81,16.13,2.02,2.42,11.69
subway,sandwich,Spicy Italian,208.0,g,450,24.0,9.0,0.0,60.0,1240.0,40.0,3.0,5.0,18.0,216.35,11.54,4.33,0.0,28.85,596.15,19.23,1.44,2.4,8.65
subway,sandwich,Steak & Cheese,161.0,g,340,10.0,,0.0,50.0,1050.0,39.0,2.0,5.0,23.0,211.18,6.21,,0.0,31.06,652.17,24.22,1.24,3.11,14.29
subway,sandwich,Subway Club®,240.0,g,290,4.0,1.0,0.0,40.0,780.0,41.0,5.0,6.0,24.0,120.83,1.67,0.42,0.0,16.67,325.0,17.08,2.08,2.5,10.0
subway,sandwich,Sweet Onion Chicken Teriyaki,266.0,g,330,4.0,1.0,0.0,50.0,750.0,52.0,5.0,14.0,25.0,124.06,1.5,0.38,0.0,18.8,281.95,19.55,1.88,5.26,9.4
subway,sandwich,Turkey & Bacon Guacamole,511.0,g,800,30.0,7.0,0.0,85.0,2070.0,85.0,8.0,12.0,45.0,156.56,5.87,1.37,0.0,16.63,405.09,16.63,1.57,2.35,8.81
subway,sandwich,Turkey Breast,219.0,g,250,3.0,,0.0,25.0,650.0,40.0,5.0,6.0,18.0,114.16,1.37,,0.0,11.42,296.8,18.26,2.28,2.74,8.22
subway,sandwich,Ultimate Meatball Marinara,271.0,g,730,46.0,19.0,1.0,80.0,1530.0,52.0,6.0,9.0,30.0,269.37,16.97,7.01,0.37,29.52,564.58,19.19,2.21,3.32,11.07
subway,sandwich,Ultimate Spicy Italian,190.0,g,730,52.0,21.0,1.0,105.0,1720.0,40.0,3.0,3.0,28.0,384.21,27.37,11.05,0.53,55.26,905.26,21.05,1.58,1.58,14.74
subway,sandwich,Veggie Delite®,163.0,g,200,2.0,0.0,0.0,0.0,280.0,39.0,5.0,5.0,9.0,122.7,1.23,0.0,0.0,0.0,171.78,23.93,3.07,3.07,5.52
subway,salad,Steak Club Salad,610.0,g,480,26.0,11.0,,115.0,1970.0,23.0,6.0,12.0,42.0,78.69,4.26,1.8,,18.85,322.95,3.77,0.98,1.97,6.89
subway,breakfast,"Bacon, Egg & Cheese",198.0,g,450,20.0,7.0,0.0,190.0,1190.0,45.0,4.0,4.0,25.0,227.27,10.1,3.54,0.0,95.96,601.01,22.73,2.02,2.02,12.63
subway,breakfast,"Black Forest Ham, Egg & Cheese",212.0,g,410,16.0,5.0,0.0,185.0,1180.0,45.0,4.0,4.0,24.0,193.4,7.55,2.36,0.0,87.26,556.6,21.23,1.89,1.89,11.32
subway,breakfast,Egg & Cheese,183.0,g,380,15.0,,0.0,170.0,940.0,44.0,4.0,3.0,19.0,207.65,8.2,,0.0,92.9,513.66,24.04,2.19,1.64,10.38
subway,breakfast,"Steak, Egg & Cheese",226.0,g,450,18.0,6.0,0.0,195.0,1260.0,46.0,4.0,4.0,28.0,199.12,7.96,2.65,0.0,86.28,557.52,20.35,1.77,1.77,12.39
subway,dessert,Bacon,15.0,g,70,6.0,2.0,0.0,15.0,250.0,1.0,0.0,1.0,5.0,466.67,40.0,13.33,0.0,100.0,1666.67,6.67,0.0,6.67,33.33
subway,dessert,Caramel Apple Cookie,51.0,g,210,6.0,3.0,0.0,10.0,65.0,37.0,0.0,26.0,2.0,411.76,11.76,5.88,0.0,19.61,127.45,72.55,0.0,50.98,3.92
subway,dessert,Chocolate Chip Cookie,45.0,g,210,10.0,5.0,0.0,10.0,120.0,29.0,1.0,18.0,2.0,466.67,22.22,11.11,0.0,22.22,266.67,64.44,2.22,40.0,4.44
subway,dessert,Chocolate Chip with M&M’s ,45.0,g,210,10.0,5.0,0.0,15.0,100.0,30.0,1.0,18.0,2.0,466.67,22.22,11.11,0.0,33.33,222.22,66.67,2.22,40.0,4.44
subway,dessert,Chocolate Chunk Cookie,45.0,g,210,10.0,5.0,0.0,10.0,100.0,30.0,1.0,17.0,2.0,466.67,22.22,11.11,0.0,22.22,222.22,66.67,2.22,37.78,4.44
subway,dessert,Dark Chocolate Cherry Cookie,47.0,g,200,8.0,4.0,0.0,0.0,100.0,33.0,1.0,24.0,2.0,425.53,17.02,8.51,0.0,0.0,212.77,70.21,2.13,51.06,4.26
subway,dessert,Double Chocolate,45.0,g,210,9.0,5.0,0.0,15.0,130.0,30.0,1.0,20.0,2.0,466.67,20.0,11.11,0.0,33.33,288.89,66.67,2.22,44.44,4.44
subway,dessert,Oatmeal Raisin Cookie,90.0,g,400,16.0,7.0,0.0,30.0,260.0,60.0,2.0,32.0,6.0,444.44,17.78,7.78,0.0,33.33,288.89,66.67,2.22,35.56,6.67
subway,dessert,Pepperoni,18.0,g,80,7.0,,0.0,20.0,300.0,1.0,0.0,0.0,3.0,444.44,38.89,,0.0,111.11,1666.67,5.56,0.0,0.0,16.67
subway,dessert,Raspberry Cheesecake Cookie,45.0,g,200,9.0,,0.0,15.0,120.0,29.0,0.0,16.0,2.0,444.44,20.0,,0.0,33.33,266.67,64.44,0.0,35.56,4.44
subway,dessert,Raspberry Lemonade Cookie,47.0,g,230,11.0,6.0,0.0,10.0,100.0,31.0,0.0,20.0,2.0,489.36,23.4,12.77,0.0,21.28,212.77,65.96,0.0,42.55,4.26
subway,dessert,Sugar Cookie,90.0,g,460,24.0,12.0,0.0,30.0,260.0,56.0,2.0,28.0,4.0,511.11,26.67,13.33,0.0,33.33,288.89,62.22,2.22,31.11,4.44
subway,dessert,White Chip Macadamia Nut Cookie,45.0,g,220,11.0,5.0,0.0,15.0,130.0,28.0,1.0,17.0,2.0,488.89,24.44,11.11,0.0,33.33,288.89,62.22,2.22,37.78,4.44
subway,wrap,Black Forest Ham,307.0,g,450,12.0,5.0,0.0,55.0,1680.0,58.0,4.0,5.0,29.0,146.58,3.91,1.63,0.0,17.92,547.23,18.89,1.3,1.63,9.45
subway,wrap,Chicken & Bacon Ranch Melt,773.0,g,1590,78.0,30.0,,335.0,3930.0,112.0,7.0,7.0,118.0,205.69,10.09,3.88,,43.34,508.41,14.49,0.91,0.91,15.27
subway,wrap,Chipotle Southwest Steak & Cheese,381.0,g,740,35.0,12.0,1.0,95.0,2170.0,63.0,6.0,7.0,41.0,194.23,9.19,3.15,0.26,24.93,569.55,16.54,1.57,1.84,10.76
subway,wrap,Cold Cut Combo,314.0,g,560,27.0,10.0,,90.0,2230.0,57.0,3.0,4.0,27.0,178.34,8.6,3.18,,28.66,710.19,18.15,0.96,1.27,8.6
subway,wrap,Cripsy Cauliflower Ranch Signature Wrap,375.0,g,820,35.0,8.0,0.0,5.0,2440.0,114.0,7.0,4.0,15.0,218.67,9.33,2.13,0.0,1.33,650.67,30.4,1.87,1.07,4.0
subway,wrap,Italian B.M.T. ®,314.0,g,680,37.0,14.0,0.0,105.0,2310.0,58.0,4.0,4.0,32.0,216.56,11.78,4.46,0.0,33.44,735.67,18.47,1.27,1.27,10.19
subway,wrap,Meatball Marinara,381.0,g,790,39.0,16.0,0.0,75.0,2160.0,77.0,8.0,12.0,34.0,207.35,10.24,4.2,0.0,19.69,566.93,20.21,2.1,3.15,8.92
subway,wrap,NEW Cauliflower Fritter Curry Signature Wrap,361.0,g,790,31.0,7.0,0.0,5.0,2540.0,114.0,7.0,5.0,15.0,218.84,8.59,1.94,0.0,1.39,703.6,31.58,1.94,1.39,4.16
subway,wrap,Oven Roasted Chicken,336.0,g,460,11.0,4.0,0.0,85.0,1350.0,54.0,3.0,5.0,38.0,136.9,3.27,1.19,0.0,25.3,401.79,16.07,0.89,1.49,11.31
subway,wrap,Roast Beef,335.0,g,490,13.0,5.0,0.0,90.0,1560.0,54.0,4.0,5.0,42.0,146.27,3.88,1.49,0.0,26.87,465.67,16.12,1.19,1.49,12.54
subway,wrap,Rotisserie-Style Chicken,364.0,g,550,16.0,7.0,0.0,115.0,1350.0,53.0,3.0,4.0,49.0,151.1,4.4,1.92,0.0,31.59,370.88,14.56,0.82,1.1,13.46
subway,wrap,Savory Rotisserie-Style Chicken Caesar,358.0,g,680,30.0,12.0,0.0,135.0,1600.0,52.0,3.0,3.0,53.0,189.94,8.38,3.35,0.0,37.71,446.93,14.53,0.84,0.84,14.8
subway,wrap,Spicy Italian,312.0,g,820,52.0,20.0,1.0,125.0,2580.0,57.0,4.0,3.0,31.0,262.82,16.67,6.41,0.32,40.06,826.92,18.27,1.28,0.96,9.94
subway,wrap,Subway Club®,349.0,g,490,12.0,5.0,0.0,85.0,1790.0,55.0,4.0,5.0,40.0,140.4,3.44,1.43,0.0,24.36,512.89,15.76,1.15,1.43,11.46
subway,wrap,Sweet Onion Chicken Teriyaki,382.0,g,540,12.0,,0.0,100.0,1620.0,70.0,4.0,13.0,42.0,141.36,3.14,,0.0,26.18,424.08,18.32,1.05,3.4,10.99
subway,wrap,Tuna,335.0,g,820,54.0,11.0,,75.0,1330.0,53.0,3.0,3.0,33.0,244.78,16.12,3.28,,22.39,397.01,15.82,0.9,0.9,9.85
subway,wrap,Turkey Breast,307.0,g,430,10.0,4.0,0.0,50.0,1550.0,54.0,3.0,4.0,28.0,140.07,3.26,1.3,0.0,16.29,504.89,17.59,0.98,1.3,9.12
subway,wrap,"Turkey, Bacon & Guacamole",372.0,g,760,39.0,12.0,0.0,100.0,2350.0,59.0,5.0,5.0,42.0,204.3,10.48,3.23,0.0,26.88,631.72,15.86,1.34,1.34,11.29
subway,wrap,Veggie Delite®,285.0,g,330,8.0,,0.0,0.0,800.0,56.0,4.0,5.0,10.0,115.79,2.81,,0.0,0.0,280.7,19.65,1.4,1.75,3.51
subway,bread,Roasted Garlic,75.0,g,210,,0.0,0.0,0.0,1230.0,41.0,2.0,4.0,7.0,280.0,,0.0,0.0,0.0,1640.0,54.67,2.67,5.33,9.33
subway,bread,9-Grain Honey Oat,75.0,g,190,2.0,0.0,0.0,0.0,270.0,39.0,4.0,5.0,8.0,253.33,2.67,0.0,0.0,0.0,360.0,52.0,5.33,6.67,10.67
subway,bread,9-Grain Wheat,71.0,g,180,2.0,0.0,0.0,0.0,270.0,36.0,4.0,3.0,8.0,253.52,2.82,0.0,0.0,0.0,380.28,50.7,5.63,4.23,11.27
subway,bread,Artisan Flatbread,87.0,g,220,4.0,,0.0,0.0,330.0,41.0,4.0,3.0,8.0,252.87,4.6,,0.0,0.0,379.31,47.13,4.6,3.45,9.2
subway,bread,Hearty Italian**,75.0,g,210,,,0.0,0.0,340.0,40.0,2.0,3.0,7.0,280.0,,,0.0,0.0,453.33,53.33,2.67,4.0,9.33
subway,bread,Italian,65.0,g,180,2.0,0.0,0.0,0.0,310.0,34.0,1.0,3.0,6.0,276.92,3.08,0.0,0.0,0.0,476.92,52.31,1.54,4.62,9.23
subway,bread,Italian Herbs & Cheese,76.0,g,220,,2.0,0.0,10.0,500.0,37.0,2.0,3.0,9.0,289.47,,2.63,0.0,13.16,657.89,48.68,2.63,3.95,11.84
subway,bread,Jalapeño Cheese,79.0,g,220,5.0,2.0,0.0,10.0,660.0,37.0,2.0,3.0,9.0,278.48,6.33,2.53,0.0,12.66,835.44,46.84,2.53,3.8,11.39
subway,bread,Mini 9-Grain Wheat,47.0,g,120,1.0,0.0,0.0,0.0,180.0,24.0,3.0,2.0,5.0,255.32,2.13,0.0,0.0,0.0,382.98,51.06,6.38,4.26,10.64
subway,bread,Mini Italian,47.0,g,130,,0.0,0.0,0.0,230.0,25.0,1.0,2.0,5.0,276.6,,0.0,0.0,0.0,489.36,53.19,2.13,4.26,10.64
subway,bread,Monterey Cheddar**,75.0,g,220,5.0,,0.0,10.0,370.0,34.0,1.0,3.0,9.0,293.33,6.67,,0.0,13.33,493.33,45.33,1.33,4.0,12.0
subway,bread,Parmesan Oregano**,68.0,g,190,,0.0,0.0,0.0,460.0,37.0,2.0,3.0,7.0,279.41,,0.0,0.0,0.0,676.47,54.41,2.94,4.41,10.29
subway,bread,Rosemary & Sea Salt,75.0,g,220,3.0,,0.0,0.0,490.0,40.0,2.0,3.0,7.0,293.33,4.0,,0.0,0.0,653.33,53.33,2.67,4.0,9.33
subway,bread,Spinach Wrap,102.0,g,290,8.0,,0.0,0.0,780.0,48.0,2.0,1.0,8.0,284.31,7.84,,0.0,0.0,764.71,47.06,1.96,0.98,7.84
subway,bread,Tomato Basil Wrap,102.0,g,290,8.0,,0.0,0.0,730.0,49.0,2.0,1.0,8.0,284.31,7.84,,0.0,0.0,715.69,48.04,1.96,0.98,7.84
subway,extra,American - cheese,11.0,g,40,,2.0,0.0,10.0,200.0,1.0,0.0,0.0,2.0,363.64,,18.18,0.0,90.91,1818.18,9.09,0.0,0.0,18.18
subway,extra,Cheddar - cheese,14.0,g,60,,,0.0,15.0,90.0,0.0,0.0,0.0,4.0,428.57,,,0.0,107.14,642.86,0.0,0.0,0.0,28.57
subway,extra,Monterey Cheddar - cheese,14.0,g,50,,3.0,0.0,15.0,90.0,0.0,0.0,0.0,3.0,357.14,,21.43,0.0,107.14,642.86,0.0,0.0,0.0,21.43
subway,extra,Pepperjack - cheese,11.0,g,50,4.0,,0.0,15.0,140.0,0.0,0.0,0.0,2.0,454.55,36.36,,0.0,136.36,1272.73,0.0,0.0,0.0,18.18
subway,extra,Provolone - cheese,14.0,g,50,4.0,2.0,0.0,10.0,125.0,0.0,0.0,0.0,4.0,357.14,28.57,14.29,0.0,71.43,892.86,0.0,0.0,0.0,28.57
subway,extra,Shredded Mozzarella - cheese,14.0,g,40,3.0,2.0,0.0,10.0,100.0,0.0,0.0,0.0,3.0,285.71,21.43,14.29,0.0,71.43,714.29,0.0,0.0,0.0,21.43
subway,extra,Swiss - cheese,14.0,g,50,,,0.0,15.0,30.0,0.0,0.0,0.0,4.0,357.14,,,0.0,107.14,214.29,0.0,0.0,0.0,28.57
subway,extra,Pepperoni,18.0,g,80,7.0,,0.0,20.0,290.0,1.0,0.0,0.0,3.0,444.44,38.89,,0.0,111.11,1611.11,5.56,0.0,0.0,16.67
subway,sauce,Chipotle Southwest,14.0,g,80,7.0,1.0,0.0,5.0,110.0,1.0,0.0,1.0,0.0,571.43,50.0,7.14,0.0,35.71,785.71,7.14,0.0,7.14,0.0
subway,sauce,Honey Mustard**,14.0,g,20,0.0,0.0,0.0,0.0,80.0,4.0,0.0,4.0,0.0,142.86,0.0,0.0,0.0,0.0,571.43,28.57,0.0,28.57,0.0
subway,sauce,Light Mayonnaise,15.0,g,50,5.0,1.0,0.0,5.0,100.0,1.0,0.0,0.0,0.0,333.33,33.33,6.67,0.0,33.33,666.67,6.67,0.0,0.0,0.0
subway,sauce,Oil,5.0,g,45,5.0,1.0,0.0,0.0,0.0,0.0,0.0,0.0,0.0,900.0,100.0,20.0,0.0,0.0,0.0,0.0,0.0,0.0,0.0
subway,sauce,Ranch,14.0,g,70,8.0,,0.0,5.0,140.0,1.0,0.0,0.0,0.0,500.0,57.14,,0.0,35.71,1000.0,7.14,0.0,0.0,0.0
subway,sauce,Red Wine Vinegar,4.0,g,0,0.0,0.0,0.0,0.0,0.0,0.0,0.0,0.0,0.0,0.0,0.0,0.0,0.0,0.0,0.0,0.0,0.0,0.0,0.0
subway,sauce,Regular Mayonnaise,14.0,g,100,11.0,2.0,0.0,10.0,65.0,0.0,0.0,0.0,0.0,714.29,78.57,14.29,0.0,71.43,464.29,0.0,0.0,0.0,0.0
subway,sauce,Savory Caesar**,14.0,g,80,9.0,,0.0,5.0,130.0,0.0,0.0,0.0,0.0,571.43,64.29,,0.0,35.71,928.57,0.0,0.0,0.0,0.0
subway,sauce,Spicy Brown Mustard,14.0,g,15,1.0,0.0,0.0,0.0,260.0,1.0,0.0,0.0,0.0,107.14,7.14,0.0,0.0,0.0,1857.14,7.14,0.0,0.0,0.0
subway,sauce,Subway® Vinaigrette,14.0,g,35,,,0.0,0.0,110.0,1.0,0.0,1.0,0.0,250.0,,,0.0,0.0,785.71,7.14,0.0,7.14,0.0
subway,sauce,Sweet Onion Sauce,18.0,g,30,0.0,0.0,0.0,0.0,75.0,8.0,0.0,7.0,0.0,166.67,0.0,0.0,0.0,0.0,416.67,44.44,0.0,38.89,0.0
subway,sauce,Yellow Mustard,14.0,g,10,,0.0,0.0,0.0,170.0,1.0,0.0,0.0,0.0,71.43,,0.0,0.0,0.0,1214.29,7.14,0.0,0.0,0.0
subway,extra,Banana Peppers,4.0,g,0,0.0,0.0,0.0,0.0,65.0,0.0,0.0,0.0,0.0,0.0,0.0,0.0,0.0,0.0,1625.0,0.0,0.0,0.0,0.0
subway,extra,Black Olives,3.0,g,0,0.0,0.0,0.0,0.0,25.0,0.0,0.0,0.0,0.0,0.0,0.0,0.0,0.0,0.0,833.33,0.0,0.0,0.0,0.0
subway,extra,Cucumbers,14.0,g,0,0.0,0.0,0.0,0.0,0.0,1.0,0.0,0.0,0.0,0.0,0.0,0.0,0.0,0.0,0.0,7.14,0.0,0.0,0.0
subway,extra,Green Peppers,7.0,g,0,0.0,0.0,0.0,0.0,0.0,0.0,0.0,0.0,0.0,0.0,0.0,0.0,0.0,0.0,0.0,0.0,0.0,0.0,0.0
subway,extra,Jalapenos,4.0,g,0,0.0,0.0,0.0,0.0,70.0,0.0,0.0,0.0,0.0,0.0,0.0,0.0,0.0,0.0,1750.0,0.0,0.0,0.0,0.0
subway,extra,Lettuce,21.0,g,0,0.0,0.0,0.0,0.0,0.0,1.0,0.0,0.0,0.0,0.0,0.0,0.0,0.0,0.0,0.0,4.76,0.0,0.0,0.0
subway,extra,Pickles,9.0,g,0,0.0,0.0,0.0,0.0,115.0,0.0,0.0,0.0,0.0,0.0,0.0,0.0,0.0,0.0,1277.78,0.0,0.0,0.0,0.0
subway,extra,Red Onions,7.0,g,0,0.0,0.0,0.0,0.0,0.0,1.0,0.0,0.0,0.0,0.0,0.0,0.0,0.0,0.0,0.0,14.29,0.0,0.0,0.0
subway,extra,Spinach,7.0,g,0,0.0,0.0,0.0,0.0,5.0,0.0,0.0,0.0,0.0,0.0,0.0,0.0,0.0,0.0,71.43,0.0,0.0,0.0,0.0
subway,extra,Tomatoes,35.0,g,5,0.0,0.0,0.0,0.0,0.0,1.0,0.0,1.0,0.0,14.29,0.0,0.0,0.0,0.0,0.0,2.86,0.0,2.86,0.0
subway,extra,Guacamole,35.0,g,70,6.0,1.0,0.0,0.0,100.0,3.0,2.0,0.0,1.0,200.0,17.14,2.86,0.0,0.0,285.71,8.57,5.71,0.0,2.86
subway,extra,Shaved Steak,100.0,g,160,7.0,,0.0,55.0,760.0,5.0,0.0,3.0,20.0,160.0,7.0,,0.0,55.0,760.0,5.0,0.0,3.0,20.0
subway,extra,Parmesan Cheese,1.0,g,5,0.0,0.0,0.0,0.0,30.0,0.0,0.0,0.0,1.0,500.0,0.0,0.0,0.0,0.0,3000.0,0.0,0.0,0.0,100.0
subway,kids_menu,kids pak chicken,209.0,g,411,10.0,3.1,,,2.3,55.0,3.2,6.8,23.0,196.65,4.78,1.48,,,1.1,26.32,1.53,3.25,11.0
subway,kids_menu,kids pak turkey,180.0,g,409,15.0,2.8,,,1.9,52.0,3.5,4.5,15.0,227.22,8.33,1.56,,,1.06,28.89,1.94,2.5,8.33
subway,kids_menu,kids pak veggie,190.0,g,463,21.0,4.0,,,1.9,54.0,5.6,4.1,15.0,243.68,11.05,2.11,,,1.0,28.42,2.95,2.16,7.89
subway,kids_menu,kids pak tuna,184.0,g,463,20.0,3.7,,,2.3,54.0,3.4,4.3,16.0,251.63,10.87,2.01,,,1.25,29.35,1.85,2.34,8.7
burger_king,sides,WHOPPER® Sandwich,270.0,g,660,40.0,12.0,1.5,90.0,980.0,49.0,2.0,11.0,28.0,244.44,14.81,4.44,0.56,33.33,362.96,18.15,0.74,4.07,10.37
burger_king,sides,WHOPPER® Sandwich with Cheese,292.0,g,740,46.0,16.0,2.0,115.0,1340.0,50.0,2.0,11.0,32.0,253.42,15.75,5.48,0.68,39.38,458.9,17.12,0.68,3.77,10.96
burger_king,sides,Bacon & Cheese WHOPPER® Sandwich,303.0,g,790,51.0,17.0,2.0,125.0,1560.0,50.0,2.0,11.0,35.0,260.73,16.83,5.61,0.66,41.25,514.85,16.5,0.66,3.63,11.55
burger_king,sides,DOUBLE WHOPPER® Sandwich,354.0,g,900,58.0,20.0,3.0,175.0,1050.0,49.0,2.0,11.0,48.0,254.24,16.38,5.65,0.85,49.44,296.61,13.84,0.56,3.11,13.56
burger_king,sides,DOUBLE WHOPPER® Sandwich with Cheese,377.0,g,980,64.0,24.0,3.0,195.0,1410.0,50.0,2.0,11.0,52.0,259.95,16.98,6.37,0.8,51.72,374.01,13.26,0.53,2.92,13.79
burger_king,sides,TRIPLE WHOPPER® Sandwich,438.0,g,1130,75.0,28.0,4.0,255.0,1120.0,49.0,2.0,11.0,67.0,257.99,17.12,6.39,0.91,58.22,255.71,11.19,0.46,2.51,15.3
burger_king,sides,TRIPLE WHOPPER® Sandwich with Cheese,461.0,g,1220,82.0,32.0,4.5,280.0,1470.0,50.0,2.0,11.0,71.0,264.64,17.79,6.94,0.98,60.74,318.87,10.85,0.43,2.39,15.4
burger_king,sides,WHOPPER JR.®,134.0,g,310,18.0,5.0,0.5,40.0,390.0,27.0,1.0,7.0,13.0,231.34,13.43,3.73,0.37,29.85,291.04,20.15,0.75,5.22,9.7
burger_king,burger,BACON KING™ Sandwich,356.0,g,1150,79.0,31.0,3.5,240.0,2150.0,49.0,2.0,10.0,61.0,323.03,22.19,8.71,0.98,67.42,603.93,13.76,0.56,2.81,17.13
burger_king,burger,Cheddar BACON KING™ Sandwich,366.0,g,1190,84.0,33.0,3.5,235.0,1930.0,50.0,2.0,11.0,64.0,325.14,22.95,9.02,0.96,64.21,527.32,13.66,0.55,3.01,17.49
burger_king,burger,Single Quarter Pound KING™ Sandwich,231.0,g,580,29.0,13.0,1.5,105.0,1310.0,49.0,2.0,10.0,32.0,251.08,12.55,5.63,0.65,45.45,567.1,21.21,0.87,4.33,13.85
burger_king,burger,Double Quarter Pound KING™ Sandwich,338.0,g,900,54.0,25.0,3.0,210.0,1740.0,50.0,2.0,11.0,56.0,266.27,15.98,7.4,0.89,62.13,514.79,14.79,0.59,3.25,16.57
burger_king,burger,Single STACKER KING™,223.0,g,700,42.0,16.0,2.0,125.0,1360.0,48.0,1.0,10.0,35.0,313.9,18.83,7.17,0.9,56.05,609.87,21.52,0.45,4.48,15.7
burger_king,burger,Double STACKER KING™,334.0,g,1050,68.0,28.0,3.5,235.0,1870.0,49.0,1.0,11.0,61.0,314.37,20.36,8.38,1.05,70.36,559.88,14.67,0.3,3.29,18.26
burger_king,burger,IMPOSSIBLE™ WHOPPER® Sandwich**,285.0,g,630,34.0,11.0,0.0,10.0,1080.0,58.0,4.0,12.0,25.0,221.05,11.93,3.86,0.0,3.51,378.95,20.35,1.4,4.21,8.77
burger_king,burger,Hamburger,99.0,g,240,10.0,3.5,0.5,35.0,380.0,26.0,1.0,6.0,13.0,242.42,10.1,3.54,0.51,35.35,383.84,26.26,1.01,6.06,13.13
burger_king,burger,Cheeseburger,111.0,g,280,13.0,6.0,0.5,45.0,560.0,27.0,1.0,7.0,15.0,252.25,11.71,5.41,0.45,40.54,504.5,24.32,0.9,6.31,13.51
burger_king,burger,Double Hamburger,136.0,g,350,18.0,7.0,1.0,70.0,410.0,26.0,1.0,6.0,21.0,257.35,13.24,5.15,0.74,51.47,301.47,19.12,0.74,4.41,15.44
burger_king,burger,Double Cheeseburger,148.0,g,390,21.0,9.0,1.5,85.0,590.0,27.0,1.0,7.0,23.0,263.51,14.19,6.08,1.01,57.43,398.65,18.24,0.68,4.73,15.54
burger_king,burger,Extra Long Cheeseburger,226.0,g,630,37.0,14.0,1.5,100.0,1050.0,45.0,2.0,9.0,29.0,278.76,16.37,6.19,0.66,44.25,464.6,19.91,0.88,3.98,12.83
burger_king,burger,Bacon Cheeseburger,118.0,g,320,16.0,7.0,0.5,55.0,710.0,27.0,1.0,7.0,17.0,271.19,13.56,5.93,0.42,46.61,601.69,22.88,0.85,5.93,14.41
burger_king,burger,Bacon Double Cheeseburger,155.0,g,420,24.0,10.0,1.5,90.0,740.0,27.0,1.0,7.0,25.0,270.97,15.48,6.45,0.97,58.06,477.42,17.42,0.65,4.52,16.13
burger_king,burger,Crispy Chicken Sandwich,228.0,g,670,41.0,7.0,0.0,60.0,1080.0,54.0,2.0,8.0,23.0,293.86,17.98,3.07,0.0,26.32,473.68,23.68,0.88,3.51,10.09
burger_king,burger,Spicy Crispy Chicken Sandwich,242.0,g,700,42.0,7.0,0.0,65.0,1140.0,57.0,3.0,8.0,25.0,289.26,17.36,2.89,0.0,26.86,471.07,23.55,1.24,3.31,10.33
burger_king,burger,Original Chicken Sandwich,219.0,g,660,40.0,7.0,0.0,75.0,1170.0,48.0,2.0,5.0,28.0,301.37,18.26,3.2,0.0,34.25,534.25,21.92,0.91,2.28,12.79
burger_king,burger,Bacon & Cheese Crispy Chicken Sandwich,262.0,g,800,52.0,13.0,1.0,95.0,1650.0,55.0,2.0,8.0,30.0,305.34,19.85,4.96,0.38,36.26,629.77,20.99,0.76,3.05,11.45
burger_king,burger,BBQ Bacon Crispy Chicken Sandwich,249.0,g,790,49.0,10.0,0.5,80.0,1630.0,60.0,2.0,13.0,28.0,317.27,19.68,4.02,0.2,32.13,654.62,24.1,0.8,5.22,11.24
burger_king,burger,Crispy Chicken Jr.,142.0,g,450,30.0,5.0,0.0,30.0,780.0,34.0,2.0,5.0,12.0,316.9,21.13,3.52,0.0,21.13,549.3,23.94,1.41,3.52,8.45
burger_king,burger,Spicy Crispy Chicken Jr.,142.0,g,390,21.0,3.5,0.0,30.0,740.0,37.0,2.0,6.0,12.0,274.65,14.79,2.46,0.0,21.13,521.13,26.06,1.41,4.23,8.45
burger_king,burger,Chicken Nuggets- 4pc,58.0,g,170,11.0,1.5,0.0,25.0,310.0,11.0,1.0,0.0,8.0,293.1,18.97,2.59,0.0,43.1,534.48,18.97,1.72,0.0,13.79
burger_king,burger,Chicken Nuggets- 6pc,88.0,g,260,16.0,2.5,0.0,35.0,470.0,16.0,1.0,0.0,12.0,295.45,18.18,2.84,0.0,39.77,534.09,18.18,1.14,0.0,13.64
burger_king,burger,Chicken Nuggets- 10pc,146.0,g,430,27.0,4.5,0.0,55.0,780.0,27.0,2.0,0.0,20.0,294.52,18.49,3.08,0.0,37.67,534.25,18.49,1.37,0.0,13.7
burger_king,burger,Chicken Nuggets- 20pc,292.0,g,860,54.0,9.0,0.0,115.0,1570.0,53.0,3.0,1.0,39.0,294.52,18.49,3.08,0.0,39.38,537.67,18.15,1.03,0.34,13.36
burger_king,burger,Spicy Chicken Nuggets- 4pc,66.0,g,210,15.0,3.0,0.0,20.0,570.0,11.0,2.0,0.0,8.0,318.18,22.73,4.55,0.0,30.3,863.64,16.67,3.03,0.0,12.12
burger_king,burger,Spicy Chicken Nuggets- 6pc,99.0,g,320,22.0,4.5,0.0,35.0,850.0,17.0,3.0,0.0,12.0,323.23,22.22,4.55,0.0,35.35,858.59,17.17,3.03,0.0,12.12
burger_king,burger,Spicy Chicken Nuggets- 10 pc,165.0,g,530,37.0,7.0,0.0,55.0,1420.0,28.0,4.0,1.0,20.0,321.21,22.42,4.24,0.0,33.33,860.61,16.97,2.42,0.61,12.12
burger_king,burger,Spicy Chicken Nuggets- 20 pc,330.0,g,1050,74.0,15.0,0.0,110.0,2840.0,56.0,9.0,1.0,40.0,318.18,22.42,4.55,0.0,33.33,860.61,16.97,2.73,0.3,12.12
burger_king,burger,Chicken Fries - 9 pc.,91.0,g,280,17.0,2.5,0.0,35.0,850.0,20.0,1.0,1.0,13.0,307.69,18.68,2.75,0.0,38.46,934.07,21.98,1.1,1.1,14.29
burger_king,burger,Crispy Taco,76.0,g,170,9.0,3.0,0.0,10.0,410.0,19.0,2.0,1.0,5.0,223.68,11.84,3.95,0.0,13.16,539.47,25.0,2.63,1.32,6.58
burger_king,burger,BIG FISH™ Sandwich,188.0,g,510,28.0,4.5,0.0,30.0,1180.0,51.0,2.0,7.0,16.0,271.28,14.89,2.39,0.0,15.96,627.66,27.13,1.06,3.72,8.51
burger_king,salad,Garden Chicken Salad with Crispy Chicken - no dressing,287.0,g,440,25.0,7.0,0.0,75.0,930.0,31.0,3.0,4.0,25.0,153.31,8.71,2.44,0.0,26.13,324.04,10.8,1.05,1.39,8.71
burger_king,salad,Club Salad with Crispy Chicken - no dressing,308.0,g,540,33.0,10.0,0.0,95.0,1380.0,31.0,3.0,5.0,31.0,175.32,10.71,3.25,0.0,30.84,448.05,10.06,0.97,1.62,10.06
burger_king,salad,Garden Side Salad - w/o dressing,99.0,g,60,4.0,2.5,0.0,10.0,95.0,3.0,1.0,2.0,4.0,60.61,4.04,2.53,0.0,10.1,95.96,3.03,1.01,2.02,4.04
burger_king,sauce,Ken's Ranch Dressing,43.0,g,260,28.0,4.0,0.0,10.0,240.0,2.0,0.0,2.0,1.0,604.65,65.12,9.3,0.0,23.26,558.14,4.65,0.0,4.65,2.33
burger_king,sauce,Ken's Golden Italian Dressing,43.0,g,160,17.0,2.5,0.0,0.0,380.0,4.0,0.0,3.0,0.0,372.09,39.53,5.81,0.0,0.0,883.72,9.3,0.0,6.98,0.0
burger_king,sauce,Ken's Lite Honey Balsamic Vinaigrette,43.0,g,120,8.0,1.0,0.0,0.0,220.0,14.0,0.0,11.0,0.0,279.07,18.6,2.33,0.0,0.0,511.63,32.56,0.0,25.58,0.0
burger_king,extra,Buttery Garlic Croutons- Packet,14.0,g,60,2.5,0.0,0.0,10.0,180.0,9.0,0.0,1.0,1.0,428.57,17.86,0.0,0.0,71.43,1285.71,64.29,0.0,7.14,7.14
burger_king,burger,Onion Rings - value,43.0,g,150,8.0,1.5,0.0,0.0,400.0,19.0,1.0,2.0,1.0,348.84,18.6,3.49,0.0,0.0,930.23,44.19,2.33,4.65,2.33
burger_king,burger,Onion Rings - small,91.0,g,320,16.0,3.0,0.0,0.0,840.0,41.0,3.0,4.0,3.0,351.65,17.58,3.3,0.0,0.0,923.08,45.05,3.3,4.4,3.3
burger_king,burger,Onion Rings - medium,117.0,g,410,21.0,3.5,0.0,0.0,1080.0,53.0,4.0,5.0,4.0,350.43,17.95,2.99,0.0,0.0,923.08,45.3,3.42,4.27,3.42
burger_king,burger,Onion Rings - large,142.0,g,500,25.0,4.5,0.0,0.0,1310.0,64.0,5.0,7.0,5.0,352.11,17.61,3.17,0.0,0.0,922.54,45.07,3.52,4.93,3.52
burger_king,burger,French Fries - value (unsalted),89.0,g,220,9.0,1.5,0.0,0.0,210.0,34.0,3.0,1.0,2.0,247.19,10.11,1.69,0.0,0.0,235.96,38.2,3.37,1.12,2.25
burger_king,burger,French Fries - small (unsalted),128.0,g,320,13.0,2.0,0.0,0.0,300.0,49.0,5.0,1.0,4.0,250.0,10.16,1.56,0.0,0.0,234.38,38.28,3.91,0.78,3.12
burger_king,burger,French Fries - medium (unsalted),153.0,g,380,16.0,2.0,0.0,0.0,360.0,58.0,6.0,1.0,4.0,248.37,10.46,1.31,0.0,0.0,235.29,37.91,3.92,0.65,2.61
burger_king,burger,French Fries - large (unsalted),173.0,g,430,18.0,2.5,0.0,0.0,410.0,66.0,7.0,2.0,5.0,248.55,10.4,1.45,0.0,0.0,236.99,38.15,4.05,1.16,2.89
burger_king,kids_menu,Kids Oatmeal,167.0,g,170,3.0,1.5,0.0,5.0,260.0,32.0,3.0,12.0,4.0,101.8,1.8,0.9,0.0,2.99,155.69,19.16,1.8,7.19,2.4
burger_king,kids_menu,Chicken Nuggets- 4pc,58.0,g,170,11.0,1.5,0.0,25.0,310.0,11.0,1.0,0.0,8.0,293.1,18.97,2.59,0.0,43.1,534.48,18.97,1.72,0.0,13.79
burger_king,kids_menu,Chicken Nuggets- 6pc,88.0,g,260,16.0,2.5,0.0,35.0,470.0,16.0,1.0,0.0,12.0,295.45,18.18,2.84,0.0,39.77,534.09,18.18,1.14,0.0,13.64
burger_king,kids_menu,Hamburger,99.0,g,240,10.0,3.5,0.5,35.0,380.0,26.0,1.0,6.0,13.0,242.42,10.1,3.54,0.51,35.35,383.84,26.26,1.01,6.06,13.13
burger_king,kids_menu,Cheeseburger,111.0,g,280,13.0,6.0,0.5,45.0,560.0,27.0,1.0,7.0,15.0,252.25,11.71,5.41,0.45,40.54,504.5,24.32,0.9,6.31,13.51
burger_king,kids_menu,Mott's® Natural Applesauce,111.0,g,50,0.0,0.0,0.0,0.0,0.0,13.0,1.0,11.0,0.0,45.05,0.0,0.0,0.0,0.0,0.0,11.71,0.9,9.91,0.0
burger_king,kids_menu,PB&J Jamwich,79.0,g,300,16.0,3.0,0.0,0.0,290.0,33.0,4.0,11.0,11.0,379.75,20.25,3.8,0.0,0.0,367.09,41.77,5.06,13.92,13.92
burger_king,kids_menu,Soft Serve Cone,120.0,g,190,4.5,3.0,0.0,20.0,150.0,32.0,0.0,24.0,5.0,158.33,3.75,2.5,0.0,16.67,125.0,26.67,0.0,20.0,4.17
burger_king,kids_menu,Dutch Apple Pie,107.0,g,340,14.0,6.0,0.0,0.0,310.0,51.0,1.0,25.0,3.0,317.76,13.08,5.61,0.0,0.0,289.72,47.66,0.93,23.36,2.8
burger_king,kids_menu,HERSHEY®'S Sundae Pie,79.0,g,310,19.0,12.0,0.0,10.0,220.0,32.0,1.0,22.0,3.0,392.41,24.05,15.19,0.0,12.66,278.48,40.51,1.27,27.85,3.8
burger_king,kids_menu,Pie made with TWIX®,102.0,g,370,20.0,13.0,0.0,10.0,330.0,45.0,1.0,30.0,4.0,362.75,19.61,12.75,0.0,9.8,323.53,44.12,0.98,29.41,3.92
burger_king,kids_menu,OREO® Cookie Cheesecake,92.0,g,350,18.0,8.0,0.0,35.0,310.0,41.0,1.0,25.0,6.0,380.43,19.57,8.7,0.0,38.04,336.96,44.57,1.09,27.17,6.52
burger_king,kids_menu,Soft Serve Cone,120.0,g,190,4.5,3.0,0.0,20.0,150.0,32.0,0.0,24.0,5.0,158.33,3.75,2.5,0.0,16.67,125.0,26.67,0.0,20.0,4.17
burger_king,kids_menu,Soft Serve Cup,115.0,g,170,4.5,3.0,0.0,20.0,150.0,28.0,0.0,24.0,5.0,147.83,3.91,2.61,0.0,17.39,130.43,24.35,0.0,20.87,4.35
burger_king,kids_menu,HERSHEY®'s Chocolate Sundae,149.0,g,260,5.0,3.0,0.0,20.0,160.0,49.0,1.0,43.0,5.0,174.5,3.36,2.01,0.0,13.42,107.38,32.89,0.67,28.86,3.36
burger_king,kids_menu,Caramel Sundae,137.0,g,240,5.0,3.5,0.0,20.0,210.0,42.0,0.0,33.0,5.0,175.18,3.65,2.55,0.0,14.6,153.28,30.66,0.0,24.09,3.65
burger_king,kids_menu,Chocolate Chip Cookies (each),38.0,g,160,8.0,4.0,0.0,10.0,125.0,24.0,1.0,15.0,2.0,421.05,21.05,10.53,0.0,26.32,328.95,63.16,2.63,39.47,5.26
burger_king,breakfast,CROISSAN'WICH® Egg & Cheese,125.0,g,340,18.0,8.0,0.0,160.0,610.0,29.0,1.0,4.0,12.0,272.0,14.4,6.4,0.0,128.0,488.0,23.2,0.8,3.2,9.6
burger_king,breakfast,"CROISSAN'WICH® Sausage, Egg & Cheese",169.0,g,500,33.0,13.0,0.0,195.0,930.0,30.0,1.0,4.0,19.0,295.86,19.53,7.69,0.0,115.38,550.3,17.75,0.59,2.37,11.24
burger_king,breakfast,"CROISSAN'WICH® Ham, Egg & Cheese",156.0,g,370,19.0,8.0,0.0,175.0,1030.0,30.0,1.0,5.0,17.0,237.18,12.18,5.13,0.0,112.18,660.26,19.23,0.64,3.21,10.9
burger_king,breakfast,"CROISSAN'WICH® Bacon, Egg & Cheese",132.0,g,370,21.0,9.0,0.0,170.0,760.0,30.0,1.0,4.0,14.0,280.3,15.91,6.82,0.0,128.79,575.76,22.73,0.76,3.03,10.61
burger_king,breakfast,Fully Loaded CROISSAN'WICH®,218.0,g,610,40.0,17.0,0.5,225.0,1680.0,31.0,1.0,5.0,28.0,279.82,18.35,7.8,0.23,103.21,770.64,14.22,0.46,2.29,12.84
burger_king,breakfast,Double CROISSAN'WICH® with Sausage & Bacon,187.0,g,580,40.0,16.0,0.5,215.0,1260.0,31.0,1.0,5.0,23.0,310.16,21.39,8.56,0.27,114.97,673.8,16.58,0.53,2.67,12.3
burger_king,breakfast,Double CROISSAN'WICH® with Sausage,224.0,g,710,52.0,20.0,0.5,240.0,1420.0,31.0,1.0,5.0,29.0,316.96,23.21,8.93,0.22,107.14,633.93,13.84,0.45,2.23,12.95
burger_king,breakfast,Double CROISSAN'WICH® with Ham & Sausage,211.0,g,580,38.0,16.0,0.5,220.0,1530.0,31.0,1.0,5.0,27.0,274.88,18.01,7.58,0.24,104.27,725.12,14.69,0.47,2.37,12.8
burger_king,breakfast,Fully Loaded Biscuit,238.0,g,640,45.0,20.0,0.0,225.0,2190.0,31.0,1.0,4.0,28.0,268.91,18.91,8.4,0.0,94.54,920.17,13.03,0.42,1.68,11.76
burger_king,breakfast,"Ham, Egg, & Cheese Biscuit",176.0,g,400,24.0,12.0,0.0,175.0,1550.0,29.0,1.0,3.0,17.0,227.27,13.64,6.82,0.0,99.43,880.68,16.48,0.57,1.7,9.66
burger_king,breakfast,"Sausage, Egg, & Cheese Biscuit",189.0,g,530,38.0,17.0,0.0,195.0,1440.0,29.0,1.0,3.0,19.0,280.42,20.11,8.99,0.0,103.17,761.9,15.34,0.53,1.59,10.05
burger_king,breakfast,"Bacon, Egg & Cheese Biscuit",152.0,g,400,26.0,13.0,0.0,170.0,1270.0,29.0,1.0,3.0,13.0,263.16,17.11,8.55,0.0,111.84,835.53,19.08,0.66,1.97,8.55
burger_king,breakfast,Sausage Biscuit,121.0,g,420,28.0,6.0,0.0,35.0,1050.0,28.0,1.0,2.0,12.0,347.11,23.14,4.96,0.0,28.93,867.77,23.14,0.83,1.65,9.92
burger_king,breakfast,Breakfast Burrito Jr.,143.0,g,370,23.0,8.0,0.0,150.0,930.0,27.0,3.0,2.0,15.0,258.74,16.08,5.59,0.0,104.9,650.35,18.88,2.1,1.4,10.49
burger_king,breakfast,EGG-NORMOUS BURRITO™,310.0,g,780,42.0,15.0,0.0,355.0,1960.0,68.0,3.0,4.0,32.0,251.61,13.55,4.84,0.0,114.52,632.26,21.94,0.97,1.29,10.32
burger_king,breakfast,BK™ Ultimate Breakfast Platter,390.0,g,930,44.0,11.0,0.0,390.0,2230.0,110.0,4.0,40.0,24.0,238.46,11.28,2.82,0.0,100.0,571.79,28.21,1.03,10.26,6.15
burger_king,breakfast,NY Ultimate Platter (Regional menu item),400.0,g,900,46.0,12.0,0.0,380.0,1760.0,95.0,5.0,31.0,25.0,225.0,11.5,3.0,0.0,95.0,440.0,23.75,1.25,7.75,6.25
burger_king,breakfast,Pancake and Sausage platter,217.0,g,610,31.0,9.0,0.0,80.0,1010.0,72.0,1.0,30.0,12.0,281.11,14.29,4.15,0.0,36.87,465.44,33.18,0.46,13.82,5.53
burger_king,breakfast,Hash Browns - small,84.0,g,250,16.0,3.5,0.0,0.0,580.0,24.0,3.0,0.0,2.0,297.62,19.05,4.17,0.0,0.0,690.48,28.57,3.57,0.0,2.38
burger_king,breakfast,Hash Browns - medium,169.0,g,500,33.0,7.0,0.0,0.0,1140.0,48.0,7.0,0.0,4.0,295.86,19.53,4.14,0.0,0.0,674.56,28.4,4.14,0.0,2.37
burger_king,breakfast,Hash Browns - large,225.0,g,670,44.0,9.0,0.0,0.0,1530.0,65.0,9.0,0.0,5.0,297.78,19.56,4.0,0.0,0.0,680.0,28.89,4.0,0.0,2.22
burger_king,breakfast,French Toast Sticks (3 piece),65.0,g,230,11.0,2.0,0.0,0.0,260.0,29.0,1.0,8.0,3.0,353.85,16.92,3.08,0.0,0.0,400.0,44.62,1.54,12.31,4.62
burger_king,breakfast,French Toast Sticks (5 piece),109.0,g,380,18.0,3.0,0.0,0.0,430.0,49.0,2.0,13.0,5.0,348.62,16.51,2.75,0.0,0.0,394.5,44.95,1.83,11.93,4.59
burger_king,breakfast,American Cheese (slice),11.0,g,40,3.5,2.0,0.0,10.0,180.0,1.0,0.0,0.0,2.0,363.64,31.82,18.18,0.0,90.91,1636.36,9.09,0.0,0.0,18.18
burger_king,breakfast,Ketchup (Packet),10.0,g,10,0.0,0.0,0.0,0.0,125.0,3.0,0.0,2.0,0.0,100.0,0.0,0.0,0.0,0.0,1250.0,30.0,0.0,20.0,0.0
burger_king,breakfast,Mayonnaise (Packet),12.0,g,80,9.0,0.5,0.0,10.0,75.0,1.0,0.0,0.0,0.0,666.67,75.0,4.17,0.0,83.33,625.0,8.33,0.0,0.0,0.0
burger_king,breakfast,Strawberry or Grape Jam (packet),12.0,g,30,0.0,0.0,0.0,0.0,0.0,7.0,0.0,6.0,0.0,250.0,0.0,0.0,0.0,0.0,0.0,58.33,0.0,50.0,0.0
burger_king,breakfast,Breakfast Syrup (1 oz),41.0,g,120,0.0,0.0,0.0,0.0,15.0,30.0,0.0,18.0,0.0,292.68,0.0,0.0,0.0,0.0,36.59,73.17,0.0,43.9,0.0
burger_king,breakfast,Barbecue Dipping Sauce (1 oz),28.0,g,40,0.0,0.0,0.0,0.0,310.0,11.0,0.0,10.0,0.0,142.86,0.0,0.0,0.0,0.0,1107.14,39.29,0.0,35.71,0.0
burger_king,breakfast,Ranch Dipping Sauce (1 oz),28.0,g,140,15.0,2.5,0.0,10.0,85.0,1.0,0.0,1.0,1.0,500.0,53.57,8.93,0.0,35.71,303.57,3.57,0.0,3.57,3.57
burger_king,breakfast,Buffalo Dipping Sauce (1 oz),28.0,g,80,8.0,1.5,0.0,5.0,360.0,2.0,0.0,1.0,0.0,285.71,28.57,5.36,0.0,17.86,1285.71,7.14,0.0,3.57,0.0
burger_king,breakfast,Zesty Onion Ring Dipping Sauce (1 oz),28.0,g,150,15.0,2.5,0.0,20.0,240.0,3.0,0.0,0.0,0.0,535.71,53.57,8.93,0.0,71.43,857.14,10.71,0.0,0.0,0.0
burger_king,breakfast,Honey Mustard Dipping Sauce (1oz),28.0,g,90,6.0,1.0,0.0,10.0,180.0,8.0,0.0,7.0,0.0,321.43,21.43,3.57,0.0,35.71,642.86,28.57,0.0,25.0,0.0
McDondalds,beverage,Coca-Cola Classic (Small),454.61,ml,140,0.0,0.0,0.0,0.0,0.0,39.0,0.0,39.0,0.0,30.8,0.0,0.0,0.0,0.0,0.0,8.58,0.0,8.58,0.0
McDondalds,beverage,Coca-Cola Classic (Medium),596.67,ml,200,0.0,0.0,0.0,0.0,5.0,55.0,0.0,55.0,0.0,33.52,0.0,0.0,0.0,0.0,0.84,9.22,0.0,9.22,0.0
McDondalds,beverage,Coca-Cola Classic (Large),852.39,ml,280,0.0,0.0,0.0,0.0,5.0,76.0,0.0,76.0,0.0,32.85,0.0,0.0,0.0,0.0,0.59,8.92,0.0,8.92,0.0
McDondalds,beverage,Coca-Cola Classic (Child),340.96,ml,100,0.0,0.0,0.0,0.0,0.0,28.0,0.0,28.0,0.0,29.33,0.0,0.0,0.0,0.0,0.0,8.21,0.0,8.21,0.0
McDondalds,beverage,Diet Coke (Small),454.61,ml,0,0.0,0.0,0.0,0.0,10.0,0.0,0.0,0.0,0.0,0.0,0.0,0.0,0.0,0.0,2.2,0.0,0.0,0.0,0.0
McDondalds,beverage,Diet Coke (Medium),596.67,ml,0,0.0,0.0,0.0,0.0,20.0,0.0,0.0,0.0,0.0,0.0,0.0,0.0,0.0,0.0,3.35,0.0,0.0,0.0,0.0
McDondalds,beverage,Diet Coke (Large),852.39,ml,0,0.0,0.0,0.0,0.0,35.0,0.0,0.0,0.0,0.0,0.0,0.0,0.0,0.0,0.0,4.11,0.0,0.0,0.0,0.0
McDondalds,beverage,Diet Coke (Child),340.96,ml,0,0.0,0.0,0.0,0.0,15.0,0.0,0.0,0.0,0.0,0.0,0.0,0.0,0.0,0.0,4.4,0.0,0.0,0.0,0.0
McDondalds,beverage,Dr Pepper (Small),454.61,ml,140,0.0,0.0,0.0,0.0,45.0,37.0,0.0,35.0,0.0,30.8,0.0,0.0,0.0,0.0,9.9,8.14,0.0,7.7,0.0
McDondalds,beverage,Dr Pepper (Medium),596.67,ml,190,0.0,0.0,0.0,0.0,65.0,53.0,0.0,51.0,0.0,31.84,0.0,0.0,0.0,0.0,10.89,8.88,0.0,8.55,0.0
McDondalds,beverage,Dr Pepper (Large),852.39,ml,270,0.0,0.0,0.0,0.0,90.0,72.0,0.0,70.0,0.0,31.68,0.0,0.0,0.0,0.0,10.56,8.45,0.0,8.21,0.0
McDondalds,beverage,Dr Pepper (Child),340.96,ml,100,0.0,0.0,0.0,0.0,30.0,27.0,0.0,26.0,0.0,29.33,0.0,0.0,0.0,0.0,8.8,7.92,0.0,7.63,0.0
McDondalds,beverage,Diet Dr Pepper (Small),454.61,ml,0,0.0,0.0,0.0,0.0,70.0,0.0,0.0,0.0,2.0,0.0,0.0,0.0,0.0,0.0,15.4,0.0,0.0,0.0,0.44
McDondalds,beverage,Diet Dr Pepper (Medium),596.67,ml,0,0.0,0.0,0.0,0.0,100.0,0.0,0.0,0.0,3.0,0.0,0.0,0.0,0.0,0.0,16.76,0.0,0.0,0.0,0.5
McDondalds,beverage,Diet Dr Pepper (Large),852.39,ml,0,0.0,0.0,0.0,0.0,140.0,0.0,0.0,0.0,4.0,0.0,0.0,0.0,0.0,0.0,16.42,0.0,0.0,0.0,0.47
McDondalds,beverage,Diet Dr Pepper (Child),340.96,ml,0,0.0,0.0,0.0,0.0,50.0,0.0,0.0,0.0,1.0,0.0,0.0,0.0,0.0,0.0,14.66,0.0,0.0,0.0,0.29
McDondalds,beverage,Sprite (Small),454.61,ml,140,0.0,0.0,0.0,0.0,30.0,37.0,0.0,37.0,0.0,30.8,0.0,0.0,0.0,0.0,6.6,8.14,0.0,8.14,0.0
McDondalds,beverage,Sprite (Medium),596.67,ml,200,0.0,0.0,0.0,0.0,45.0,54.0,0.0,54.0,0.0,33.52,0.0,0.0,0.0,0.0,7.54,9.05,0.0,9.05,0.0
McDondalds,beverage,Sprite (Large),852.39,ml,280,0.0,0.0,0.0,0.0,60.0,74.0,0.0,74.0,0.0,32.85,0.0,0.0,0.0,0.0,7.04,8.68,0.0,8.68,0.0
McDondalds,beverage,Sprite (Child),340.96,ml,100,0.0,0.0,0.0,0.0,25.0,27.0,0.0,27.0,0.0,29.33,0.0,0.0,0.0,0.0,7.33,7.92,0.0,7.92,0.0
McDondalds,beverage,1% Low Fat Milk Jug,227.3,ml,100,2.5,1.5,0.0,10.0,125.0,12.0,0.0,12.0,8.0,43.99,1.1,0.66,0.0,4.4,54.99,5.28,0.0,5.28,3.52
McDondalds,beverage,Fat Free Chocolate Milk Jug,227.3,ml,130,0.0,0.0,0.0,5.0,135.0,23.0,1.0,22.0,9.0,57.19,0.0,0.0,0.0,2.2,59.39,10.12,0.44,9.68,3.96
McDondalds,beverage,Minute Maid 100% Apple Juice Box,170.48,ml,80,0.0,0.0,0.0,0.0,15.0,21.0,0.0,19.0,0.0,46.93,0.0,0.0,0.0,0.0,8.8,12.32,0.0,11.15,0.0
McDondalds,beverage,Minute Maid Orange Juice (Small),340.96,ml,150,0.0,0.0,0.0,0.0,0.0,34.0,0.0,30.0,2.0,43.99,0.0,0.0,0.0,0.0,0.0,9.97,0.0,8.8,0.59
McDondalds,beverage,Minute Maid Orange Juice (Medium),454.61,ml,190,0.0,0.0,0.0,0.0,0.0,44.0,0.0,39.0,3.0,41.79,0.0,0.0,0.0,0.0,0.0,9.68,0.0,8.58,0.66
McDondalds,beverage,Minute Maid Orange Juice (Large),625.09,ml,280,0.0,0.0,0.0,0.0,5.0,65.0,0.0,58.0,4.0,44.79,0.0,0.0,0.0,0.0,0.8,10.4,0.0,9.28,0.64
McDondalds,beverage,Dasani Water Bottle,480.18,ml,0,0.0,0.0,0.0,0.0,0.0,0.0,0.0,0.0,0.0,0.0,0.0,0.0,0.0,0.0,0.0,0.0,0.0,0.0,0.0
McDondalds,beverage,Iced Tea (Small),454.61,ml,0,0.0,0.0,0.0,0.0,10.0,0.0,0.0,0.0,0.0,0.0,0.0,0.0,0.0,0.0,2.2,0.0,0.0,0.0,0.0
McDondalds,beverage,Iced Tea (Medium),596.67,ml,0,0.0,0.0,0.0,0.0,10.0,0.0,0.0,0.0,0.0,0.0,0.0,0.0,0.0,0.0,1.68,0.0,0.0,0.0,0.0
McDondalds,beverage,Iced Tea (Large),852.39,ml,0,0.0,0.0,0.0,0.0,15.0,0.0,0.0,0.0,0.0,0.0,0.0,0.0,0.0,0.0,1.76,0.0,0.0,0.0,0.0
McDondalds,beverage,Iced Tea (Child),340.96,ml,0,0.0,0.0,0.0,0.0,5.0,0.0,0.0,0.0,0.0,0.0,0.0,0.0,0.0,0.0,1.47,0.0,0.0,0.0,0.0
McDondalds,beverage,Sweet Tea (Small),454.61,ml,150,0.0,0.0,0.0,0.0,10.0,36.0,0.0,36.0,1.0,33.0,0.0,0.0,0.0,0.0,2.2,7.92,0.0,7.92,0.22
McDondalds,beverage,Sweet Tea (Medium),596.67,ml,180,0.0,0.0,0.0,0.0,10.0,45.0,0.0,45.0,1.0,30.17,0.0,0.0,0.0,0.0,1.68,7.54,0.0,7.54,0.17
McDondalds,beverage,Sweet Tea (Large),852.39,ml,220,0.0,0.0,0.0,0.0,10.0,54.0,0.0,54.0,1.0,25.81,0.0,0.0,0.0,0.0,1.17,6.34,0.0,6.34,0.12
McDondalds,beverage,Sweet Tea (Child),340.96,ml,110,0.0,0.0,0.0,0.0,5.0,27.0,0.0,27.0,0.0,32.26,0.0,0.0,0.0,0.0,1.47,7.92,0.0,7.92,0.0
McDondalds,beverage,Coffee (Small),340.96,ml,0,0.0,0.0,0.0,0.0,0.0,0.0,0.0,0.0,0.0,0.0,0.0,0.0,0.0,0.0,0.0,0.0,0.0,0.0,0.0
McDondalds,beverage,Coffee (Medium),454.61,ml,0,0.0,0.0,0.0,0.0,0.0,0.0,0.0,0.0,0.0,0.0,0.0,0.0,0.0,0.0,0.0,0.0,0.0,0.0,0.0
McDondalds,beverage,Coffee (Large),454.61,ml,0,0.0,0.0,0.0,0.0,0.0,0.0,0.0,0.0,0.0,0.0,0.0,0.0,0.0,0.0,0.0,0.0,0.0,0.0,0.0
McDondalds,beverage,Latte (Small),340.96,ml,170,9.0,5.0,0.0,25.0,115.0,15.0,1.0,12.0,9.0,49.86,2.64,1.47,0.0,7.33,33.73,4.4,0.29,3.52,2.64
McDondalds,beverage,Latte (Medium),454.61,ml,210,10.0,6.0,0.0,30.0,140.0,18.0,1.0,15.0,11.0,46.19,2.2,1.32,0.0,6.6,30.8,3.96,0.22,3.3,2.42
McDondalds,beverage,Latte (Large),568.26,ml,280,14.0,8.0,0.0,40.0,180.0,24.0,1.0,20.0,15.0,49.27,2.46,1.41,0.0,7.04,31.68,4.22,0.18,3.52,2.64
McDondalds,beverage,Caramel Latte (Small),340.96,ml,270,9.0,5.0,0.0,25.0,115.0,40.0,1.0,38.0,9.0,79.19,2.64,1.47,0.0,7.33,33.73,11.73,0.29,11.15,2.64
McDondalds,beverage,Caramel Latte (Medium),454.61,ml,340,10.0,6.0,0.0,30.0,140.0,50.0,1.0,48.0,11.0,74.79,2.2,1.32,0.0,6.6,30.8,11.0,0.22,10.56,2.42
McDondalds,beverage,Caramel Latte (Large),568.26,ml,430,14.0,8.0,0.0,40.0,180.0,62.0,1.0,59.0,15.0,75.67,2.46,1.41,0.0,7.04,31.68,10.91,0.18,10.38,2.64
McDondalds,beverage,Hazelnut Latte (Small),340.96,ml,270,9.0,5.0,0.0,25.0,115.0,40.0,1.0,38.0,9.0,79.19,2.64,1.47,0.0,7.33,33.73,11.73,0.29,11.15,2.64
McDondalds,beverage,Hazelnut Latte (Medium),454.61,ml,330,10.0,6.0,0.0,30.0,140.0,50.0,1.0,47.0,11.0,72.59,2.2,1.32,0.0,6.6,30.8,11.0,0.22,10.34,2.42
McDondalds,beverage,Hazelnut Latte (Large),568.26,ml,430,14.0,8.0,0.0,40.0,180.0,62.0,1.0,58.0,15.0,75.67,2.46,1.41,0.0,7.04,31.68,10.91,0.18,10.21,2.64
McDondalds,beverage,French Vanilla Latte (Small),340.96,ml,260,9.0,5.0,0.0,25.0,115.0,38.0,1.0,36.0,9.0,76.26,2.64,1.47,0.0,7.33,33.73,11.15,0.29,10.56,2.64
McDondalds,beverage,French Vanilla Latte (Medium),454.61,ml,330,10.0,6.0,0.0,30.0,140.0,48.0,1.0,45.0,11.0,72.59,2.2,1.32,0.0,6.6,30.8,10.56,0.22,9.9,2.42
McDondalds,beverage,French Vanilla Latte (Large),568.26,ml,420,14.0,8.0,0.0,40.0,190.0,60.0,1.0,56.0,15.0,73.91,2.46,1.41,0.0,7.04,33.44,10.56,0.18,9.85,2.64
McDondalds,beverage,Latte with Sugar Free French Vanilla Syrup (Small),340.96,ml,210,9.0,5.0,0.0,25.0,150.0,24.0,1.0,12.0,9.0,61.59,2.64,1.47,0.0,7.33,43.99,7.04,0.29,3.52,2.64
McDondalds,beverage,Latte with Sugar Free French Vanilla Syrup (Medium),454.61,ml,260,10.0,6.0,0.0,30.0,190.0,29.0,1.0,15.0,12.0,57.19,2.2,1.32,0.0,6.6,41.79,6.38,0.22,3.3,2.64
McDondalds,beverage,Latte with Sugar Free French Vanilla Syrup (Large),568.26,ml,330,14.0,8.0,0.0,40.0,240.0,37.0,2.0,20.0,15.0,58.07,2.46,1.41,0.0,7.04,42.23,6.51,0.35,3.52,2.64
McDondalds,beverage,Nonfat Latte (Small),340.96,ml,100,0.0,0.0,0.0,5.0,110.0,15.0,1.0,13.0,10.0,29.33,0.0,0.0,0.0,1.47,32.26,4.4,0.29,3.81,2.93
McDondalds,beverage,Nonfat Latte (Medium),454.61,ml,130,0.0,0.0,0.0,5.0,135.0,19.0,1.0,16.0,12.0,28.6,0.0,0.0,0.0,1.1,29.7,4.18,0.22,3.52,2.64
McDondalds,beverage,Nonfat Latte (Large),568.26,ml,170,0.5,0.0,0.0,10.0,180.0,25.0,1.0,21.0,16.0,29.92,0.09,0.0,0.0,1.76,31.68,4.4,0.18,3.7,2.82
McDondalds,beverage,Nonfat Caramel Latte (Small),340.96,ml,200,0.0,0.0,0.0,5.0,110.0,41.0,1.0,39.0,10.0,58.66,0.0,0.0,0.0,1.47,32.26,12.02,0.29,11.44,2.93
McDondalds,beverage,Nonfat Caramel Latte (Medium),454.61,ml,250,0.0,0.0,0.0,5.0,135.0,51.0,1.0,48.0,12.0,54.99,0.0,0.0,0.0,1.1,29.7,11.22,0.22,10.56,2.64
McDondalds,beverage,Nonfat Caramel Latte (Large),568.26,ml,310,0.5,0.0,0.0,10.0,180.0,63.0,1.0,59.0,16.0,54.55,0.09,0.0,0.0,1.76,31.68,11.09,0.18,10.38,2.82
McDondalds,beverage,Nonfat Hazelnut Latte (Small),340.96,ml,200,0.0,0.0,0.0,5.0,110.0,40.0,1.0,38.0,10.0,58.66,0.0,0.0,0.0,1.47,32.26,11.73,0.29,11.15,2.93
McDondalds,beverage,Nonfat Hazelnut Latte (Medium),454.61,ml,250,0.0,0.0,0.0,5.0,135.0,51.0,1.0,48.0,12.0,54.99,0.0,0.0,0.0,1.1,29.7,11.22,0.22,10.56,2.64
McDondalds,beverage,Nonfat Hazelnut Latte (Large),568.26,ml,310,0.5,0.0,0.0,10.0,180.0,63.0,1.0,59.0,16.0,54.55,0.09,0.0,0.0,1.76,31.68,11.09,0.18,10.38,2.82
McDondalds,beverage,Nonfat French Vanilla Latte (Small),340.96,ml,190,0.0,0.0,0.0,5.0,115.0,39.0,1.0,37.0,10.0,55.73,0.0,0.0,0.0,1.47,33.73,11.44,0.29,10.85,2.93
McDondalds,beverage,Nonfat French Vanilla Latte (Medium),454.61,ml,240,0.0,0.0,0.0,5.0,140.0,49.0,1.0,46.0,12.0,52.79,0.0,0.0,0.0,1.1,30.8,10.78,0.22,10.12,2.64
McDondalds,beverage,Nonfat French Vanilla Latte (Large),568.26,ml,300,0.5,0.0,0.0,10.0,180.0,60.0,1.0,56.0,16.0,52.79,0.09,0.0,0.0,1.76,31.68,10.56,0.18,9.85,2.82
McDondalds,beverage,Nonfat Latte with Sugar Free French Vanilla Syrup (Small),340.96,ml,140,0.0,0.0,0.0,5.0,150.0,24.0,1.0,13.0,10.0,41.06,0.0,0.0,0.0,1.47,43.99,7.04,0.29,3.81,2.93
McDondalds,beverage,Nonfat Latte with Sugar Free French Vanilla Syrup (Medium),454.61,ml,170,0.0,0.0,0.0,5.0,180.0,30.0,1.0,16.0,12.0,37.39,0.0,0.0,0.0,1.1,39.59,6.6,0.22,3.52,2.64
McDondalds,beverage,Nonfat Latte with Sugar Free French Vanilla Syrup (Large),568.26,ml,220,0.5,0.0,0.0,10.0,240.0,38.0,2.0,21.0,16.0,38.71,0.09,0.0,0.0,1.76,42.23,6.69,0.35,3.7,2.82
McDondalds,beverage,Mocha (Small),340.96,ml,340,11.0,7.0,0.0,35.0,150.0,49.0,2.0,42.0,10.0,99.72,3.23,2.05,0.0,10.27,43.99,14.37,0.59,12.32,2.93
McDondalds,beverage,Mocha (Medium),454.61,ml,410,14.0,8.0,0.0,40.0,190.0,60.0,2.0,53.0,13.0,90.19,3.08,1.76,0.0,8.8,41.79,13.2,0.44,11.66,2.86
McDondalds,beverage,Mocha (Large),568.26,ml,500,17.0,10.0,0.5,50.0,240.0,72.0,2.0,63.0,16.0,87.99,2.99,1.76,0.09,8.8,42.23,12.67,0.35,11.09,2.82
McDondalds,beverage,Mocha with Nonfat Milk (Small),340.96,ml,270,3.5,2.0,0.0,15.0,150.0,49.0,2.0,43.0,11.0,79.19,1.03,0.59,0.0,4.4,43.99,14.37,0.59,12.61,3.23
McDondalds,beverage,Mocha with Nonfat Milk (Medium),454.61,ml,330,3.5,2.0,0.0,15.0,190.0,60.0,2.0,53.0,13.0,72.59,0.77,0.44,0.0,3.3,41.79,13.2,0.44,11.66,2.86
McDondalds,beverage,Mocha with Nonfat Milk (Large),568.26,ml,390,4.0,2.5,0.0,20.0,240.0,73.0,2.0,64.0,17.0,68.63,0.7,0.44,0.0,3.52,42.23,12.85,0.35,11.26,2.99
McDondalds,beverage,Caramel Mocha (Small),340.96,ml,320,11.0,7.0,0.0,35.0,170.0,45.0,1.0,40.0,10.0,93.85,3.23,2.05,0.0,10.27,49.86,13.2,0.29,11.73,2.93
McDondalds,beverage,Caramel Mocha (Medium),454.61,ml,390,14.0,8.0,0.5,40.0,220.0,55.0,1.0,50.0,12.0,85.79,3.08,1.76,0.11,8.8,48.39,12.1,0.22,11.0,2.64
McDondalds,beverage,Caramel Mocha (Large),568.26,ml,480,17.0,10.0,0.5,50.0,270.0,66.0,1.0,60.0,16.0,84.47,2.99,1.76,0.09,8.8,47.51,11.61,0.18,10.56,2.82
McDondalds,beverage,Nonfat Caramel Mocha (Small),340.96,ml,250,3.5,2.0,0.0,15.0,170.0,45.0,1.0,41.0,10.0,73.32,1.03,0.59,0.0,4.4,49.86,13.2,0.29,12.02,2.93
McDondalds,beverage,Nonfat Caramel Mocha (Medium),454.61,ml,310,3.5,2.0,0.0,15.0,210.0,56.0,1.0,51.0,13.0,68.19,0.77,0.44,0.0,3.3,46.19,12.32,0.22,11.22,2.86
McDondalds,beverage,Nonfat Caramel Mocha (Large),568.26,ml,370,3.5,2.5,0.0,20.0,270.0,67.0,1.0,61.0,17.0,65.11,0.62,0.44,0.0,3.52,47.51,11.79,0.18,10.73,2.99
McDondalds,beverage,Hot Chocolate (Small),340.96,ml,360,13.0,8.0,0.0,40.0,180.0,50.0,1.0,45.0,11.0,105.59,3.81,2.35,0.0,11.73,52.79,14.66,0.29,13.2,3.23
McDondalds,beverage,Hot Chocolate (Medium),454.61,ml,440,16.0,9.0,0.5,50.0,220.0,61.0,1.0,56.0,14.0,96.79,3.52,1.98,0.11,11.0,48.39,13.42,0.22,12.32,3.08
McDondalds,beverage,Hot Chocolate (Large),568.26,ml,540,20.0,12.0,0.5,60.0,280.0,73.0,1.0,68.0,17.0,95.03,3.52,2.11,0.09,10.56,49.27,12.85,0.18,11.97,2.99
McDondalds,beverage,Hot Chocolate with Nonfat Milk (Small),340.96,ml,280,3.5,2.0,0.0,15.0,180.0,50.0,1.0,46.0,12.0,82.12,1.03,0.59,0.0,4.4,52.79,14.66,0.29,13.49,3.52
McDondalds,beverage,Hot Chocolate with Nonfat Milk (Medium),454.61,ml,340,3.5,2.0,0.0,15.0,220.0,61.0,1.0,57.0,14.0,74.79,0.77,0.44,0.0,3.3,48.39,13.42,0.22,12.54,3.08
McDondalds,beverage,Hot Chocolate with Nonfat Milk (Large),568.26,ml,400,3.5,2.5,0.0,20.0,280.0,74.0,1.0,69.0,19.0,70.39,0.62,0.44,0.0,3.52,49.27,13.02,0.18,12.14,3.34
McDondalds,beverage,Regular Iced Coffee (Small),454.61,ml,140,4.5,3.0,0.0,15.0,35.0,23.0,0.0,22.0,1.0,30.8,0.99,0.66,0.0,3.3,7.7,5.06,0.0,4.84,0.22
McDondalds,beverage,Regular Iced Coffee (Medium),625.09,ml,190,7.0,4.5,0.0,25.0,50.0,31.0,0.0,30.0,1.0,30.4,1.12,0.72,0.0,4.0,8.0,4.96,0.0,4.8,0.16
McDondalds,beverage,Regular Iced Coffee (Large),909.22,ml,270,9.0,6.0,0.0,35.0,75.0,47.0,0.0,45.0,2.0,29.7,0.99,0.66,0.0,3.85,8.25,5.17,0.0,4.95,0.22
McDondalds,beverage,Caramel Iced Coffee (Small),454.61,ml,130,4.5,3.0,0.0,15.0,35.0,22.0,0.0,21.0,1.0,28.6,0.99,0.66,0.0,3.3,7.7,4.84,0.0,4.62,0.22
McDondalds,beverage,Caramel Iced Coffee (Medium),625.09,ml,180,7.0,4.5,0.0,25.0,50.0,29.0,0.0,28.0,1.0,28.8,1.12,0.72,0.0,4.0,8.0,4.64,0.0,4.48,0.16
McDondalds,beverage,Caramel Iced Coffee (Large),909.22,ml,260,9.0,6.0,0.0,35.0,65.0,43.0,0.0,42.0,2.0,28.6,0.99,0.66,0.0,3.85,7.15,4.73,0.0,4.62,0.22
McDondalds,beverage,Hazelnut Iced Coffee (Small),454.61,ml,130,4.5,3.0,0.0,15.0,35.0,21.0,0.0,20.0,1.0,28.6,0.99,0.66,0.0,3.3,7.7,4.62,0.0,4.4,0.22
McDondalds,beverage,Hazelnut Iced Coffee (Medium),625.09,ml,180,7.0,4.5,0.0,25.0,50.0,29.0,0.0,28.0,1.0,28.8,1.12,0.72,0.0,4.0,8.0,4.64,0.0,4.48,0.16
McDondalds,beverage,Hazelnut Iced Coffee (Large),909.22,ml,250,9.0,6.0,0.0,35.0,75.0,43.0,0.0,41.0,2.0,27.5,0.99,0.66,0.0,3.85,8.25,4.73,0.0,4.51,0.22
McDondalds,beverage,French Vanilla Iced Coffee (Small),454.61,ml,120,4.5,3.0,0.0,15.0,40.0,20.0,0.0,19.0,1.0,26.4,0.99,0.66,0.0,3.3,8.8,4.4,0.0,4.18,0.22
McDondalds,beverage,French Vanilla Iced Coffee (Medium),625.09,ml,170,7.0,4.5,0.0,25.0,55.0,27.0,0.0,26.0,1.0,27.2,1.12,0.72,0.0,4.0,8.8,4.32,0.0,4.16,0.16
McDondalds,beverage,French Vanilla Iced Coffee (Large),909.22,ml,240,9.0,6.0,0.0,35.0,80.0,41.0,0.0,39.0,2.0,26.4,0.99,0.66,0.0,3.85,8.8,4.51,0.0,4.29,0.22
McDondalds,beverage,Iced Coffee with Sugar Free French Vanilla Syrup (Small),454.61,ml,80,4.5,3.0,0.0,15.0,65.0,9.0,0.0,1.0,1.0,17.6,0.99,0.66,0.0,3.3,14.3,1.98,0.0,0.22,0.22
McDondalds,beverage,Iced Coffee with Sugar Free French Vanilla Syrup (Medium),625.09,ml,120,7.0,4.5,0.0,25.0,90.0,12.0,0.0,2.0,1.0,19.2,1.12,0.72,0.0,4.0,14.4,1.92,0.0,0.32,0.16
McDondalds,beverage,Iced Coffee with Sugar Free French Vanilla Syrup (Large),909.22,ml,160,9.0,6.0,0.0,35.0,135.0,18.0,0.0,2.0,2.0,17.6,0.99,0.66,0.0,3.85,14.85,1.98,0.0,0.22,0.22
McDondalds,beverage,Iced Mocha (Small),340.96,ml,290,11.0,7.0,0.0,35.0,125.0,41.0,1.0,34.0,8.0,85.05,3.23,2.05,0.0,10.27,36.66,12.02,0.29,9.97,2.35
McDondalds,beverage,Iced Mocha (Medium),454.61,ml,350,13.0,8.0,0.0,40.0,150.0,50.0,1.0,43.0,9.0,76.99,2.86,1.76,0.0,8.8,33.0,11.0,0.22,9.46,1.98
McDondalds,beverage,Iced Mocha (Large),625.09,ml,480,16.0,10.0,0.5,50.0,220.0,70.0,2.0,62.0,14.0,76.79,2.56,1.6,0.08,8.0,35.2,11.2,0.32,9.92,2.24
McDondalds,beverage,Iced Mocha with Nonfat Milk (Small),340.96,ml,240,5.0,3.0,0.0,20.0,125.0,41.0,1.0,35.0,8.0,70.39,1.47,0.88,0.0,5.87,36.66,12.02,0.29,10.27,2.35
McDondalds,beverage,Iced Mocha with Nonfat Milk (Medium),454.61,ml,290,5.0,3.5,0.0,20.0,150.0,50.0,1.0,43.0,10.0,63.79,1.1,0.77,0.0,4.4,33.0,11.0,0.22,9.46,2.2
McDondalds,beverage,Iced Mocha with Nonfat Milk (Large),625.09,ml,390,6.0,3.5,0.0,25.0,220.0,71.0,2.0,62.0,14.0,62.39,0.96,0.56,0.0,4.0,35.2,11.36,0.32,9.92,2.24
McDondalds,beverage,Iced Caramel Mocha (Small),340.96,ml,280,11.0,7.0,0.0,35.0,140.0,38.0,0.0,33.0,8.0,82.12,3.23,2.05,0.0,10.27,41.06,11.15,0.0,9.68,2.35
McDondalds,beverage,Iced Caramel Mocha (Medium),454.61,ml,340,13.0,7.0,0.0,40.0,170.0,46.0,1.0,41.0,9.0,74.79,2.86,1.54,0.0,8.8,37.39,10.12,0.22,9.02,1.98
McDondalds,beverage,Iced Caramel Mocha (Large),625.09,ml,460,16.0,10.0,0.5,50.0,250.0,65.0,1.0,59.0,13.0,73.59,2.56,1.6,0.08,8.0,39.99,10.4,0.16,9.44,2.08
McDondalds,beverage,Iced Nonfat Caramel Mocha (Small),340.96,ml,230,5.0,3.0,0.0,20.0,140.0,38.0,0.0,33.0,8.0,67.46,1.47,0.88,0.0,5.87,41.06,11.15,0.0,9.68,2.35
McDondalds,beverage,Iced Nonfat Caramel Mocha (Medium),454.61,ml,270,5.0,3.0,0.0,20.0,170.0,47.0,1.0,41.0,10.0,59.39,1.1,0.66,0.0,4.4,37.39,10.34,0.22,9.02,2.2
McDondalds,beverage,Iced Nonfat Caramel Mocha (Large),625.09,ml,370,6.0,3.5,0.0,25.0,250.0,65.0,1.0,59.0,14.0,59.19,0.96,0.56,0.0,4.0,39.99,10.4,0.16,9.44,2.24
McDondalds,beverage,Frappé Mocha (Small),340.96,ml,450,18.0,12.0,1.0,65.0,125.0,65.0,1.0,57.0,7.0,131.98,5.28,3.52,0.29,19.06,36.66,19.06,0.29,16.72,2.05
McDondalds,beverage,Frappé Mocha (Medium),454.61,ml,550,22.0,14.0,1.0,75.0,160.0,80.0,1.0,71.0,9.0,120.98,4.84,3.08,0.22,16.5,35.2,17.6,0.22,15.62,1.98
McDondalds,beverage,Frappé Mocha (Large),625.09,ml,670,26.0,17.0,1.0,90.0,190.0,98.0,1.0,88.0,11.0,107.18,4.16,2.72,0.16,14.4,30.4,15.68,0.16,14.08,1.76
McDondalds,beverage,Frappé Caramel (Small),340.96,ml,450,19.0,12.0,1.0,65.0,125.0,64.0,0.0,57.0,7.0,131.98,5.57,3.52,0.29,19.06,36.66,18.77,0.0,16.72,2.05
McDondalds,beverage,Frappé Caramel (Medium),454.61,ml,550,23.0,15.0,1.0,80.0,160.0,79.0,0.0,71.0,9.0,120.98,5.06,3.3,0.22,17.6,35.2,17.38,0.0,15.62,1.98
McDondalds,beverage,Frappé Caramel (Large),625.09,ml,670,27.0,17.0,1.5,95.0,190.0,96.0,0.0,88.0,11.0,107.18,4.32,2.72,0.24,15.2,30.4,15.36,0.0,14.08,1.76
McDondalds,beverage,Frappé Chocolate Chip (Small),340.96,ml,530,23.0,14.0,1.0,65.0,135.0,76.0,1.0,67.0,8.0,155.44,6.75,4.11,0.29,19.06,39.59,22.29,0.29,19.65,2.35
McDondalds,beverage,Frappé Chocolate Chip (Medium),454.61,ml,630,26.0,17.0,1.0,80.0,160.0,91.0,1.0,81.0,9.0,138.58,5.72,3.74,0.22,17.6,35.2,20.02,0.22,17.82,1.98
McDondalds,beverage,Frappé Chocolate Chip (Large),625.09,ml,760,31.0,20.0,1.5,95.0,200.0,111.0,1.0,99.0,12.0,121.58,4.96,3.2,0.24,15.2,32.0,17.76,0.16,15.84,1.92
McDondalds,beverage,Blueberry Pomegranate Smoothie (Small),340.96,ml,220,0.5,0.0,0.0,5.0,40.0,50.0,3.0,44.0,2.0,64.52,0.15,0.0,0.0,1.47,11.73,14.66,0.88,12.9,0.59
McDondalds,beverage,Blueberry Pomegranate Smoothie (Medium),454.61,ml,260,1.0,0.0,0.0,5.0,50.0,62.0,4.0,54.0,3.0,57.19,0.22,0.0,0.0,1.1,11.0,13.64,0.88,11.88,0.66
McDondalds,beverage,Blueberry Pomegranate Smoothie (Large),625.09,ml,340,1.0,0.5,0.0,5.0,65.0,79.0,5.0,70.0,4.0,54.39,0.16,0.08,0.0,0.8,10.4,12.64,0.8,11.2,0.64
McDondalds,beverage,Strawberry Banana Smoothie (Small),340.96,ml,210,0.5,0.0,0.0,5.0,50.0,47.0,3.0,44.0,3.0,61.59,0.15,0.0,0.0,1.47,14.66,13.78,0.88,12.9,0.88
McDondalds,beverage,Strawberry Banana Smoothie (Medium),454.61,ml,250,1.0,0.0,0.0,5.0,60.0,58.0,3.0,54.0,4.0,54.99,0.22,0.0,0.0,1.1,13.2,12.76,0.66,11.88,0.88
McDondalds,beverage,Strawberry Banana Smoothie (Large),625.09,ml,330,1.0,0.5,0.0,5.0,80.0,74.0,4.0,70.0,5.0,52.79,0.16,0.08,0.0,0.8,12.8,11.84,0.64,11.2,0.8
McDondalds,beverage,Mango Pineapple Smoothie (Small),340.96,ml,210,0.5,0.0,0.0,5.0,40.0,50.0,1.0,46.0,2.0,61.59,0.15,0.0,0.0,1.47,11.73,14.66,0.29,13.49,0.59
McDondalds,beverage,Mango Pineapple Smoothie (Medium),454.61,ml,260,1.0,0.0,0.0,5.0,45.0,61.0,1.0,56.0,3.0,57.19,0.22,0.0,0.0,1.1,9.9,13.42,0.22,12.32,0.66
McDondalds,beverage,Mango Pineapple Smoothie (Large),625.09,ml,340,1.0,0.5,0.0,5.0,60.0,78.0,2.0,72.0,4.0,54.39,0.16,0.08,0.0,0.8,9.6,12.48,0.32,11.52,0.64
McDondalds,beverage,Vanilla Shake (Small),340.96,ml,530,15.0,10.0,1.0,60.0,160.0,86.0,0.0,63.0,11.0,155.44,4.4,2.93,0.29,17.6,46.93,25.22,0.0,18.48,3.23
McDondalds,beverage,Vanilla Shake (Medium),454.61,ml,660,19.0,12.0,1.0,75.0,200.0,109.0,0.0,81.0,14.0,145.18,4.18,2.64,0.22,16.5,43.99,23.98,0.0,17.82,3.08
McDondalds,beverage,Vanilla Shake (Large),625.09,ml,820,23.0,15.0,1.0,90.0,260.0,135.0,0.0,101.0,18.0,131.18,3.68,2.4,0.16,14.4,41.59,21.6,0.0,16.16,2.88
McDondalds,beverage,Strawberry Shake (Small),340.96,ml,550,16.0,10.0,1.0,60.0,160.0,90.0,0.0,79.0,12.0,161.31,4.69,2.93,0.29,17.6,46.93,26.4,0.0,23.17,3.52
McDondalds,beverage,Strawberry Shake (Medium),454.61,ml,690,20.0,13.0,1.0,75.0,210.0,114.0,0.0,100.0,15.0,151.78,4.4,2.86,0.22,16.5,46.19,25.08,0.0,22.0,3.3
McDondalds,beverage,Strawberry Shake (Large),625.09,ml,850,24.0,15.0,1.0,90.0,260.0,140.0,0.0,123.0,18.0,135.98,3.84,2.4,0.16,14.4,41.59,22.4,0.0,19.68,2.88
McDondalds,beverage,Chocolate Shake (Small),340.96,ml,560,16.0,10.0,1.0,60.0,240.0,91.0,1.0,77.0,12.0,164.24,4.69,2.93,0.29,17.6,70.39,26.69,0.29,22.58,3.52
McDondalds,beverage,Chocolate Shake (Medium),454.61,ml,700,20.0,12.0,1.0,75.0,300.0,114.0,2.0,97.0,15.0,153.98,4.4,2.64,0.22,16.5,65.99,25.08,0.44,21.34,3.3
McDondalds,beverage,Chocolate Shake (Large),625.09,ml,850,23.0,15.0,1.0,85.0,380.0,141.0,2.0,120.0,19.0,135.98,3.68,2.4,0.16,13.6,60.79,22.56,0.32,19.2,3.04
McDondalds,beverage,Shamrock Shake (Medium),454.61,ml,660,19.0,12.0,1.0,75.0,210.0,109.0,0.0,93.0,14.0,145.18,4.18,2.64,0.22,16.5,46.19,23.98,0.0,20.46,3.08
McDondalds,beverage,Shamrock Shake (Large),625.09,ml,820,23.0,15.0,1.0,90.0,260.0,135.0,0.0,115.0,18.0,131.18,3.68,2.4,0.16,14.4,41.59,21.6,0.0,18.4,2.88
burger_king,beverage,Fat FREE Milk (8 fl oz),227.3,ml,90,0.0,0.0,0.0,5.0,125.0,13.0,0.0,12.0,9.0,39.59,0.0,0.0,0.0,2.2,54.99,5.72,0.0,5.28,3.96
burger_king,beverage,1% Low Fat Chocolate Milk (8 fl oz),227.3,ml,160,2.5,1.5,0.0,15.0,150.0,26.0,0.0,25.0,8.0,70.39,1.1,0.66,0.0,6.6,65.99,11.44,0.0,11.0,3.52
burger_king,beverage,Smoothie: Strawberry Banana 16 fl oz,454.61,ml,310,1.0,0.0,0.0,0.0,55.0,71.0,3.0,50.0,4.0,68.19,0.22,0.0,0.0,0.0,12.1,15.62,0.66,11.0,0.88
burger_king,beverage,Oreo® Shake,340.96,ml,720,20.0,12.0,0.5,65.0,540.0,118.0,1.0,98.0,16.0,211.17,5.87,3.52,0.15,19.06,158.38,34.61,0.29,28.74,4.69
burger_king,beverage,Chocolate Oreo® Shake,340.96,ml,740,22.0,13.0,0.5,70.0,680.0,121.0,1.0,101.0,17.0,217.04,6.45,3.81,0.15,20.53,199.44,35.49,0.29,29.62,4.99
burger_king,beverage,Vanilla Milk Shake,340.96,ml,580,15.0,10.0,0.0,60.0,420.0,98.0,0.0,85.0,14.0,170.11,4.4,2.93,0.0,17.6,123.18,28.74,0.0,24.93,4.11
burger_king,beverage,HERSHEY®'S Chocolate Milk Shake,340.96,ml,610,16.0,10.0,0.0,60.0,500.0,103.0,1.0,88.0,14.0,178.91,4.69,2.93,0.0,17.6,146.65,30.21,0.29,25.81,4.11
burger_king,beverage,Strawberry Milk Shake,340.96,ml,640,15.0,10.0,0.0,60.0,440.0,113.0,0.0,99.0,14.0,187.71,4.4,2.93,0.0,17.6,129.05,33.14,0.0,29.04,4.11
burger_king,beverage,Coca Cola classic,454.61,ml,210,0.0,0.0,0.0,0.0,50.0,58.0,0.0,58.0,0.0,46.19,0.0,0.0,0.0,0.0,11.0,12.76,0.0,12.76,0.0
burger_king,beverage,Coca Cola classic,568.26,ml,270,0.0,0.0,0.0,0.0,60.0,73.0,0.0,73.0,0.0,47.51,0.0,0.0,0.0,0.0,10.56,12.85,0.0,12.85,0.0
burger_king,beverage,Coca Cola classic,823.98,ml,390,0.0,0.0,0.0,0.0,85.0,105.0,0.0,105.0,0.0,47.33,0.0,0.0,0.0,0.0,10.32,12.74,0.0,12.74,0.0
burger_king,beverage,Coca Cola classic,1079.7,ml,510,0.0,0.0,0.0,0.0,115.0,138.0,0.0,138.0,0.0,47.24,0.0,0.0,0.0,0.0,10.65,12.78,0.0,12.78,0.0
burger_king,beverage,Diet Coke,454.61,ml,0,0.0,0.0,0.0,70.0,0.0,0.0,0.0,0.0,0.0,0.0,0.0,0.0,0.0,15.4,0.0,0.0,0.0,0.0,0.0
burger_king,beverage,Diet Coke,568.26,ml,0,0.0,0.0,0.0,85.0,0.0,0.0,0.0,0.0,0.0,0.0,0.0,0.0,0.0,14.96,0.0,0.0,0.0,0.0,0.0
burger_king,beverage,Diet Coke,823.98,ml,0,0.0,0.0,0.0,120.0,0.0,0.0,0.0,0.0,0.0,0.0,0.0,0.0,0.0,14.56,0.0,0.0,0.0,0.0,0.0
burger_king,beverage,Diet Coke,1079.7,ml,0,0.0,0.0,0.0,160.0,0.0,0.0,0.0,0.0,0.0,0.0,0.0,0.0,0.0,14.82,0.0,0.0,0.0,0.0,0.0
burger_king,beverage,Sprite,454.61,ml,210,0.0,0.0,0.0,0.0,95.0,56.0,0.0,56.0,0.0,46.19,0.0,0.0,0.0,0.0,20.9,12.32,0.0,12.32,0.0
burger_king,beverage,Sprite,568.26,ml,260,0.0,0.0,0.0,0.0,120.0,70.0,0.0,70.0,0.0,45.75,0.0,0.0,0.0,0.0,21.12,12.32,0.0,12.32,0.0
burger_king,beverage,Sprite,823.98,ml,380,0.0,0.0,0.0,0.0,170.0,102.0,0.0,102.0,0.0,46.12,0.0,0.0,0.0,0.0,20.63,12.38,0.0,12.38,0.0
burger_king,beverage,Sprite,1079.7,ml,500,0.0,0.0,0.0,0.0,230.0,133.0,0.0,133.0,0.0,46.31,0.0,0.0,0.0,0.0,21.3,12.32,0.0,12.32,0.0
burger_king,beverage,Dr. Pepper,454.61,ml,190,0.0,0.0,0.0,0.0,60.0,52.0,0.0,51.0,0.0,41.79,0.0,0.0,0.0,0.0,13.2,11.44,0.0,11.22,0.0
burger_king,beverage,Dr. Pepper,568.26,ml,240,0.0,0.0,0.0,0.0,75.0,65.0,0.0,64.0,0.0,42.23,0.0,0.0,0.0,0.0,13.2,11.44,0.0,11.26,0.0
burger_king,beverage,Dr. Pepper,823.98,ml,350,0.0,0.0,0.0,0.0,105.0,94.0,0.0,93.0,0.0,42.48,0.0,0.0,0.0,0.0,12.74,11.41,0.0,11.29,0.0
burger_king,beverage,Dr. Pepper,1079.7,ml,450,0.0,0.0,0.0,0.0,140.0,124.0,0.0,121.0,0.0,41.68,0.0,0.0,0.0,0.0,12.97,11.48,0.0,11.21,0.0
burger_king,beverage,Barq's Root Beer,454.61,ml,240,0.0,0.0,0.0,0.0,100.0,65.0,0.0,65.0,0.0,52.79,0.0,0.0,0.0,0.0,22.0,14.3,0.0,14.3,0.0
burger_king,beverage,Barq's Root Beer,568.26,ml,300,0.0,0.0,0.0,0.0,120.0,81.0,0.0,81.0,0.0,52.79,0.0,0.0,0.0,0.0,21.12,14.25,0.0,14.25,0.0
burger_king,beverage,Barq's Root Beer,823.98,ml,430,0.0,0.0,0.0,0.0,180.0,118.0,0.0,118.0,0.0,52.19,0.0,0.0,0.0,0.0,21.85,14.32,0.0,14.32,0.0
burger_king,beverage,Barq's Root Beer,1079.7,ml,570,0.0,0.0,0.0,0.0,230.0,155.0,0.0,155.0,0.0,52.79,0.0,0.0,0.0,0.0,21.3,14.36,0.0,14.36,0.0
burger_king,beverage,Cherry Coke,454.61,ml,220,0.0,0.0,0.0,0.0,55.0,61.0,0.0,61.0,0.0,48.39,0.0,0.0,0.0,0.0,12.1,13.42,0.0,13.42,0.0
burger_king,beverage,Cherry Coke,568.26,ml,280,0.0,0.0,0.0,0.0,70.0,76.0,0.0,76.0,0.0,49.27,0.0,0.0,0.0,0.0,12.32,13.37,0.0,13.37,0.0
burger_king,beverage,Cherry Coke,823.98,ml,410,0.0,0.0,0.0,0.0,100.0,110.0,0.0,110.0,0.0,49.76,0.0,0.0,0.0,0.0,12.14,13.35,0.0,13.35,0.0
burger_king,beverage,Cherry Coke,1079.7,ml,530,0.0,0.0,0.0,0.0,130.0,145.0,0.0,145.0,0.0,49.09,0.0,0.0,0.0,0.0,12.04,13.43,0.0,13.43,0.0
burger_king,beverage,Fanta Orange,454.61,ml,230,0.0,0.0,0.0,0.0,60.0,62.0,0.0,61.0,0.0,50.59,0.0,0.0,0.0,0.0,13.2,13.64,0.0,13.42,0.0
burger_king,beverage,Fanta Orange,568.26,ml,280,0.0,0.0,0.0,0.0,70.0,78.0,0.0,77.0,0.0,49.27,0.0,0.0,0.0,0.0,12.32,13.73,0.0,13.55,0.0
burger_king,beverage,Fanta Orange,823.98,ml,410,0.0,0.0,0.0,0.0,105.0,113.0,0.0,111.0,0.0,49.76,0.0,0.0,0.0,0.0,12.74,13.71,0.0,13.47,0.0
burger_king,beverage,Fanta Orange,1079.7,ml,540,0.0,0.0,0.0,0.0,135.0,148.0,0.0,146.0,0.0,50.01,0.0,0.0,0.0,0.0,12.5,13.71,0.0,13.52,0.0
burger_king,beverage,Hi-C Fruit Punch,454.61,ml,220,0.0,0.0,0.0,0.0,75.0,62.0,0.0,60.0,0.0,48.39,0.0,0.0,0.0,0.0,16.5,13.64,0.0,13.2,0.0
burger_king,beverage,Hi-C Fruit Punch,568.26,ml,280,0.0,0.0,0.0,0.0,95.0,77.0,0.0,75.0,0.0,49.27,0.0,0.0,0.0,0.0,16.72,13.55,0.0,13.2,0.0
burger_king,beverage,Hi-C Fruit Punch,823.98,ml,410,0.0,0.0,0.0,0.0,135.0,111.0,0.0,109.0,0.0,49.76,0.0,0.0,0.0,0.0,16.38,13.47,0.0,13.23,0.0
burger_king,beverage,Hi-C Fruit Punch,1079.7,ml,530,0.0,0.0,0.0,0.0,180.0,146.0,0.0,143.0,0.0,49.09,0.0,0.0,0.0,0.0,16.67,13.52,0.0,13.24,0.0
burger_king,beverage,Minute Maid Light Lemonade,454.61,ml,10,0.0,0.0,0.0,0.0,60.0,3.0,0.0,0.0,0.0,2.2,0.0,0.0,0.0,0.0,13.2,0.66,0.0,0.0,0.0
burger_king,beverage,Minute Maid Light Lemonade,568.26,ml,10,0.0,0.0,0.0,0.0,70.0,4.0,0.0,0.0,0.0,1.76,0.0,0.0,0.0,0.0,12.32,0.7,0.0,0.0,0.0
burger_king,beverage,Minute Maid Light Lemonade,823.98,ml,15,0.0,0.0,0.0,0.0,105.0,5.0,0.0,0.0,0.0,1.82,0.0,0.0,0.0,0.0,12.74,0.61,0.0,0.0,0.0
burger_king,beverage,Minute Maid Light Lemonade,1079.7,ml,20,0.0,0.0,0.0,0.0,135.0,7.0,0.0,0.0,0.0,1.85,0.0,0.0,0.0,0.0,12.5,0.65,0.0,0.0,0.0
burger_king,beverage,Sweet Tea,568.26,ml,120,0.0,0.0,0.0,0.0,0.0,35.0,0.0,35.0,0.0,21.12,0.0,0.0,0.0,0.0,0.0,6.16,0.0,6.16,0.0
burger_king,beverage,Sweet Tea,823.98,ml,160,0.0,0.0,0.0,0.0,0.0,49.0,0.0,49.0,0.0,19.42,0.0,0.0,0.0,0.0,0.0,5.95,0.0,5.95,0.0
burger_king,beverage,Sweet Tea,1136.52,ml,240,0.0,0.0,0.0,0.0,0.0,71.0,0.0,71.0,0.0,21.12,0.0,0.0,0.0,0.0,0.0,6.25,0.0,6.25,0.0
burger_king,beverage,Unsweetened Tea,568.26,ml,0,0.0,0.0,0.0,0.0,0.0,0.0,0.0,0.0,0.0,0.0,0.0,0.0,0.0,0.0,0.0,0.0,0.0,0.0,0.0
burger_king,beverage,Unsweetened Tea,823.98,ml,0,0.0,0.0,0.0,0.0,0.0,0.0,0.0,0.0,0.0,0.0,0.0,0.0,0.0,0.0,0.0,0.0,0.0,0.0,0.0
burger_king,beverage,Unsweetened Tea,1136.52,ml,0,0.0,0.0,0.0,0.0,0.0,0.0,0.0,0.0,0.0,0.0,0.0,0.0,0.0,0.0,0.0,0.0,0.0,0.0,0.0
burger_king,beverage,Capri Sun 100% Apple Juice,176.16,ml,80,0.0,0.0,0.0,0.0,25.0,20.0,0.0,20.0,0.0,45.41,0.0,0.0,0.0,0.0,14.19,11.35,0.0,11.35,0.0
burger_king,beverage,Minute Maid Orange Juice,284.13,ml,140,0.0,0.0,0.0,0.0,20.0,33.0,0.0,30.0,2.0,49.27,0.0,0.0,0.0,0.0,7.04,11.61,0.0,10.56,0.7
burger_king,beverage,Frozen Coke - 16 oz,454.61,ml,130,0.0,0.0,0.0,0.0,50.0,35.0,0.0,35.0,0.0,28.6,0.0,0.0,0.0,0.0,11.0,7.7,0.0,7.7,0.0
burger_king,beverage,BK® Café Coffee- 12 fl oz,340.96,ml,0,0.0,0.0,0.0,0.0,0.0,0.0,0.0,0.0,0.0,0.0,0.0,0.0,0.0,0.0,0.0,0.0,0.0,0.0,0.0
burger_king,beverage,BK® Café Coffee- 16 fl oz,454.61,ml,0,0.0,0.0,0.0,0.0,0.0,0.0,0.0,0.0,0.0,0.0,0.0,0.0,0.0,0.0,0.0,0.0,0.0,0.0,0.0
burger_king,beverage,BK® Café Coffee- 20 fl oz,568.26,ml,0,0.0,0.0,0.0,0.0,0.0,0.0,0.0,0.0,0.0,0.0,0.0,0.0,0.0,0.0,0.0,0.0,0.0,0.0,0.0
burger_king,beverage,BK® Café Decaf Coffee- 12 fl oz,340.96,ml,0,0.0,0.0,0.0,0.0,0.0,0.0,0.0,0.0,0.0,0.0,0.0,0.0,0.0,0.0,0.0,0.0,0.0,0.0,0.0
burger_king,beverage,BK® Café Decaf Coffee- 16 fl oz,454.61,ml,0,0.0,0.0,0.0,0.0,0.0,0.0,0.0,0.0,0.0,0.0,0.0,0.0,0.0,0.0,0.0,0.0,0.0,0.0,0.0
burger_king,beverage,BK® Café Decaf Coffee- 20 fl oz,568.26,ml,0,0.0,0.0,0.0,0.0,0.0,0.0,0.0,0.0,0.0,0.0,0.0,0.0,0.0,0.0,0.0,0.0,0.0,0.0,0.0
burger_king,beverage,BK® Café Iced Vanilla Coffee- 12 fl oz,340.96,ml,150,8.0,4.0,0.0,25.0,30.0,21.0,0.0,21.0,1.0,43.99,2.35,1.17,0.0,7.33,8.8,6.16,0.0,6.16,0.29
burger_king,beverage,BK® Café Iced Vanilla Coffee- 16 fl oz,454.61,ml,200,10.0,5.0,0.0,30.0,40.0,27.0,0.0,27.0,2.0,43.99,2.2,1.1,0.0,6.6,8.8,5.94,0.0,5.94,0.44
burger_king,beverage,BK® Café Iced Vanilla Coffee- 20 fl oz,568.26,ml,260,13.0,7.0,0.0,40.0,50.0,34.0,0.0,34.0,2.0,45.75,2.29,1.23,0.0,7.04,8.8,5.98,0.0,5.98,0.35
burger_king,beverage,BK® Café Iced Mocha Coffee- 12 fl oz,340.96,ml,180,8.0,4.0,0.0,25.0,40.0,27.0,1.0,25.0,2.0,52.79,2.35,1.17,0.0,7.33,11.73,7.92,0.29,7.33,0.59
burger_king,beverage,BK® Café Iced Mocha Coffee- 16 fl oz,454.61,ml,240,10.0,6.0,0.0,30.0,55.0,35.0,1.0,32.0,2.0,52.79,2.2,1.32,0.0,6.6,12.1,7.7,0.22,7.04,0.44
burger_king,beverage,BK® Café Iced Mocha Coffee- 20 fl oz,568.26,ml,300,13.0,7.0,0.0,40.0,70.0,45.0,2.0,41.0,3.0,52.79,2.29,1.23,0.0,7.04,12.32,7.92,0.35,7.21,0.53
burger_king,beverage,BK® Café Mocha Frappe- 12 fl oz,340.96,ml,300,8.0,5.0,0.0,30.0,200.0,50.0,1.0,41.0,7.0,87.99,2.35,1.47,0.0,8.8,58.66,14.66,0.29,12.02,2.05
burger_king,beverage,BK® Café Mocha Frappe- 16 fl oz,454.61,ml,400,10.0,7.0,0.0,40.0,270.0,68.0,1.0,58.0,9.0,87.99,2.2,1.54,0.0,8.8,59.39,14.96,0.22,12.76,1.98
burger_king,beverage,BK® Café Mocha Frappe- 20 fl oz,568.26,ml,510,13.0,8.0,0.0,50.0,350.0,87.0,1.0,71.0,12.0,89.75,2.29,1.41,0.0,8.8,61.59,15.31,0.18,12.49,2.11
burger_king,beverage,BK® Café Caramel Frappe- 12 fl oz,340.96,ml,300,8.0,5.0,0.0,35.0,210.0,50.0,0.0,41.0,7.0,87.99,2.35,1.47,0.0,10.27,61.59,14.66,0.0,12.02,2.05
burger_king,beverage,BK® Café Caramel Frappe- 16 fl oz,454.61,ml,400,10.0,7.0,0.0,40.0,280.0,68.0,0.0,56.0,9.0,87.99,2.2,1.54,0.0,8.8,61.59,14.96,0.0,12.32,1.98
burger_king,beverage,BK® Café Caramel Frappe- 20 fl oz,568.26,ml,500,12.0,8.0,0.0,50.0,350.0,86.0,0.0,71.0,11.0,87.99,2.11,1.41,0.0,8.8,61.59,15.13,0.0,12.49,1.94
