category,item_name,serving_size_g,calories_kcal,total_fat_g,saturated_fat_g,trans_fat_g,cholesterol_mg,sodium_mg,carbohydrates_g,dietary_fiber_g,sugars_g,protein_g,category_clean,chain
Breakfast,Egg McMuffin,4.8 oz (136 g),300,13.0,5.0,0.0,260,750,31,4,3,17,breakfast,mcdonalds
Breakfast,Egg White Delight,4.8 oz (135 g),250,8.0,3.0,0.0,25,770,30,4,3,18,breakfast,mcdonalds
Breakfast,Sausage McMuffin,3.9 oz (111 g),370,23.0,8.0,0.0,45,780,29,4,2,14,breakfast,mcdonalds
Breakfast,Sausage McMuffin with Egg,5.7 oz (161 g),450,28.0,10.0,0.0,285,860,30,4,2,21,breakfast,mcdonalds
Breakfast,Sausage McMuffin with Egg Whites,5.7 oz (161 g),400,23.0,8.0,0.0,50,880,30,4,2,21,breakfast,mcdonalds
Breakfast,Steak & Egg McMuffin,6.5 oz (185 g),430,23.0,9.0,1.0,300,960,31,4,3,26,breakfast,mcdonalds
Breakfast,"Bacon, Egg & Cheese Biscuit (Regular Biscuit)",5.3 oz (150 g),460,26.0,13.0,0.0,250,1300,38,2,3,19,breakfast,mcdonalds
Breakfast,"Bacon, Egg & Cheese Biscuit (Large Biscuit)",5.8 oz (164 g),520,30.0,14.0,0.0,250,1410,43,3,4,19,breakfast,mcdonalds
Breakfast,"Bacon, Egg & Cheese Biscuit with Egg Whites (Regular Biscuit)",5.4 oz (153 g),410,20.0,11.0,0.0,35,1300,36,2,3,20,breakfast,mcdonalds
Breakfast,"Bacon, Egg & Cheese Biscuit with Egg Whites (Large Biscuit)",5.9 oz (167 g),470,25.0,12.0,0.0,35,1420,42,3,4,20,breakfast,mcdonalds
Breakfast,Sausage Biscuit (Regular Biscuit),4.1 oz (117 g),430,27.0,12.0,0.0,30,1080,34,2,2,11,breakfast,mcdonalds
Breakfast,Sausage Biscuit (Large Biscuit),4.6 oz (131 g),480,31.0,13.0,0.0,30,1190,39,3,3,11,breakfast,mcdonalds
Breakfast,Sausage Biscuit with Egg (Regular Biscuit),5.7 oz (163 g),510,33.0,14.0,0.0,250,1170,36,2,2,18,breakfast,mcdonalds
Breakfast,Sausage Biscuit with Egg (Large Biscuit),6.2 oz (177 g),570,37.0,15.0,0.0,250,1280,42,3,3,18,breakfast,mcdonalds
Breakfast,Sausage Biscuit with Egg Whites (Regular Biscuit),5.9 oz (167 g),460,27.0,12.0,0.0,35,1180,34,2,3,18,breakfast,mcdonalds
Breakfast,Sausage Biscuit with Egg Whites (Large Biscuit),6.4 oz (181 g),520,32.0,13.0,0.0,35,1290,40,3,3,18,breakfast,mcdonalds
Breakfast,Southern Style Chicken Biscuit (Regular Biscuit),5 oz (143 g),410,20.0,8.0,0.0,30,1180,41,2,3,17,breakfast,mcdonalds
Breakfast,Southern Style Chicken Biscuit (Large Biscuit),5.5 oz (157 g),470,24.0,9.0,0.0,30,1290,46,3,4,17,breakfast,mcdonalds
Breakfast,Steak & Egg Biscuit (Regular Biscuit),7.1 oz (201 g),540,32.0,16.0,1.0,280,1470,38,2,3,25,breakfast,mcdonalds
Breakfast,"Bacon, Egg & Cheese McGriddles",6.1 oz (174 g),460,21.0,9.0,0.0,250,1250,48,2,15,19,breakfast,mcdonalds
Breakfast,"Bacon, Egg & Cheese McGriddles with Egg Whites",6.3 oz (178 g),400,15.0,7.0,0.0,35,1250,47,2,16,20,breakfast,mcdonalds
Breakfast,Sausage McGriddles,5 oz (141 g),420,22.0,8.0,0.0,35,1030,44,2,15,11,breakfast,mcdonalds
Breakfast,"Sausage, Egg & Cheese McGriddles",7.1 oz (201 g),550,31.0,12.0,0.0,265,1320,48,2,15,20,breakfast,mcdonalds
Breakfast,"Sausage, Egg & Cheese McGriddles with Egg Whites",7.2 oz (205 g),500,26.0,10.0,0.0,50,1320,46,2,15,21,breakfast,mcdonalds
Breakfast,"Bacon, Egg & Cheese Bagel",6.9 oz (197 g),620,31.0,11.0,0.5,275,1480,57,3,7,30,breakfast,mcdonalds
Breakfast,"Bacon, Egg & Cheese Bagel with Egg Whites",7.1 oz (201 g),570,25.0,9.0,0.5,60,1480,55,3,8,30,breakfast,mcdonalds
Breakfast,"Steak, Egg & Cheese Bagel",8.5 oz (241 g),670,35.0,13.0,1.5,295,1510,56,3,7,33,breakfast,mcdonalds
Breakfast,Big Breakfast (Regular Biscuit),9.5 oz (269 g),740,48.0,17.0,0.0,555,1560,51,3,3,28,breakfast,mcdonalds
Breakfast,Big Breakfast (Large Biscuit),10 oz (283 g),800,52.0,18.0,0.0,555,1680,56,4,3,28,breakfast,mcdonalds
Breakfast,Big Breakfast with Egg Whites (Regular Biscuit),9.6 oz (272 g),640,37.0,14.0,0.0,35,1590,50,3,3,26,breakfast,mcdonalds
Breakfast,Big Breakfast with Egg Whites (Large Biscuit),10.1 oz (286 g),690,41.0,14.0,0.0,35,1700,55,4,4,26,breakfast,mcdonalds
Breakfast,Big Breakfast with Hotcakes (Regular Biscuit),14.8 oz (420 g),1090,56.0,19.0,0.0,575,2150,111,6,17,36,breakfast,mcdonalds
Breakfast,Big Breakfast with Hotcakes (Large Biscuit),15.3 oz (434 g),1150,60.0,20.0,0.0,575,2260,116,7,17,36,breakfast,mcdonalds
Breakfast,Big Breakfast with Hotcakes and Egg Whites (Regular Biscuit),14.9 oz (423 g),990,46.0,16.0,0.0,55,2170,110,6,17,35,breakfast,mcdonalds
Breakfast,Big Breakfast with Hotcakes and Egg Whites (Large Biscuit),15.4 oz (437 g),1050,50.0,16.0,0.0,55,2290,115,7,18,35,breakfast,mcdonalds
Breakfast,Hotcakes,5.3 oz (151 g),350,9.0,2.0,0.0,20,590,60,3,14,8,breakfast,mcdonalds
Breakfast,Hotcakes and Sausage,6.8 oz (192 g),520,24.0,7.0,0.0,50,930,61,3,14,15,breakfast,mcdonalds
Breakfast,Sausage Burrito,3.9 oz (111 g),300,16.0,7.0,0.0,115,790,26,1,2,12,breakfast,mcdonalds
Breakfast,Hash Brown,2 oz (56 g),150,9.0,1.5,0.0,0,310,15,2,0,1,breakfast,mcdonalds
Breakfast,Cinnamon Melts,4 oz (114 g),460,19.0,9.0,0.0,15,370,66,3,32,6,breakfast,mcdonalds
Breakfast,Fruit & Maple Oatmeal,9.6 oz (251 g),290,4.0,1.5,0.0,5,160,58,5,32,5,breakfast,mcdonalds
Breakfast,Fruit & Maple Oatmeal without Brown Sugar,9.6 oz (251 g),260,4.0,1.5,0.0,5,115,49,5,18,5,breakfast,mcdonalds
Beef & Pork,Big Mac,7.4 oz (211 g),530,27.0,10.0,1.0,85,960,47,3,9,24,burger,mcdonalds
Beef & Pork,Quarter Pounder with Cheese,7.1 oz (202 g),520,26.0,12.0,1.5,95,1100,41,3,10,30,burger,mcdonalds
Beef & Pork,Quarter Pounder with Bacon & Cheese,8 oz (227 g),600,29.0,13.0,1.5,105,1440,48,3,12,37,burger,mcdonalds
Beef & Pork,Quarter Pounder with Bacon Habanero Ranch,8.3 oz (235 g),610,31.0,13.0,1.5,105,1180,46,3,10,37,burger,mcdonalds
Beef & Pork,Quarter Pounder Deluxe,8.6 oz (244 g),540,27.0,11.0,1.5,85,960,45,3,9,29,burger,mcdonalds
Beef & Pork,Double Quarter Pounder with Cheese,10 oz (283 g),750,43.0,19.0,2.5,160,1280,42,3,10,48,burger,mcdonalds
Beef & Pork,Hamburger,3.5 oz (98 g),240,8.0,3.0,0.0,30,480,32,1,6,12,burger,mcdonalds
Beef & Pork,Cheeseburger,4 oz (113 g),290,11.0,5.0,0.5,45,680,33,2,7,15,burger,mcdonalds
Beef & Pork,Double Cheeseburger,5.7 oz (161 g),430,21.0,10.0,1.0,90,1040,35,2,7,24,burger,mcdonalds
Beef & Pork,Bacon Clubhouse Burger,9.5 oz (270 g),720,40.0,15.0,1.5,115,1470,51,4,14,39,burger,mcdonalds
Beef & Pork,McDouble,5.2 oz (147 g),380,17.0,8.0,1.0,75,840,34,2,7,22,burger,mcdonalds
Beef & Pork,Bacon McDouble,5.7 oz (161 g),440,22.0,10.0,1.0,90,1110,35,2,7,27,burger,mcdonalds
Beef & Pork,Daily Double,6.7 oz (190 g),430,22.0,9.0,1.0,80,760,34,2,7,22,burger,mcdonalds
Beef & Pork,Jalapeño Double,5.6 oz (159 g),430,23.0,9.0,1.0,80,1030,35,2,6,22,burger,mcdonalds
Beef & Pork,McRib,7.3 oz (208 g),500,26.0,10.0,0.0,70,980,44,3,11,22,burger,mcdonalds
Chicken & Fish,Premium Crispy Chicken Classic Sandwich,7.5 oz (213 g),510,22.0,3.5,0.0,45,990,55,3,10,24,burger,mcdonalds
Chicken & Fish,Premium Grilled Chicken Classic Sandwich,7 oz (200 g),350,9.0,2.0,0.0,65,820,42,3,8,28,burger,mcdonalds
Chicken & Fish,Premium Crispy Chicken Club Sandwich,8.8 oz (249 g),670,33.0,9.0,0.0,85,1410,58,3,11,36,burger,mcdonalds
Chicken & Fish,Premium Grilled Chicken Club Sandwich,8.3 oz (235 g),510,20.0,7.0,0.0,105,1250,44,3,9,40,burger,mcdonalds
Chicken & Fish,Premium Crispy Chicken Ranch BLT Sandwich,8.1 oz (230 g),610,28.0,6.0,0.0,70,1400,57,3,11,32,burger,mcdonalds
Chicken & Fish,Premium Grilled Chicken Ranch BLT Sandwich,7.6 oz (217 g),450,15.0,4.5,0.0,90,1230,43,3,9,36,burger,mcdonalds
Chicken & Fish,Bacon Clubhouse Crispy Chicken Sandwich,10 oz (284 g),750,38.0,10.0,0.5,90,1720,65,4,16,36,burger,mcdonalds
Chicken & Fish,Bacon Clubhouse Grilled Chicken Sandwich,9.5 oz (270 g),590,25.0,8.0,0.0,110,1560,51,4,14,40,burger,mcdonalds
Chicken & Fish,Southern Style Crispy Chicken Sandwich,5.6 oz (160 g),430,19.0,3.0,0.0,45,910,43,2,7,21,burger,mcdonalds
Chicken & Fish,McChicken,5.1 oz (143 g),360,16.0,3.0,0.0,35,800,40,2,5,14,burger,mcdonalds
Chicken & Fish,Bacon Cheddar McChicken,6 oz (171 g),480,24.0,7.0,0.0,65,1260,43,2,6,22,burger,mcdonalds
Chicken & Fish,Bacon Buffalo Ranch McChicken,5.7 oz (161 g),430,21.0,5.0,0.0,50,1260,41,2,6,20,burger,mcdonalds
Chicken & Fish,Buffalo Ranch McChicken,5.2 oz (148 g),360,16.0,3.0,0.0,35,990,40,2,5,14,burger,mcdonalds
Chicken & Fish,Premium McWrap Chicken & Bacon (Crispy Chicken),11.1 oz (316 g),630,32.0,9.0,0.5,80,1540,56,3,7,32,burger,mcdonalds
Chicken & Fish,Premium McWrap Chicken & Bacon (Grilled Chicken),10.7 oz (302 g),480,19.0,7.0,0.0,95,1370,42,3,6,36,burger,mcdonalds
Chicken & Fish,Premium McWrap Chicken & Ranch (Crispy Chicken),10.9 oz (310 g),610,31.0,8.0,0.5,65,1340,56,3,8,27,burger,mcdonalds
Chicken & Fish,Premium McWrap Chicken & Ranch (Grilled Chicken),10.5 oz (297 g),450,18.0,6.0,0.5,80,1170,42,3,6,30,burger,mcdonalds
Chicken & Fish,Premium McWrap Southwest Chicken (Crispy Chicken),11.1 oz (314 g),670,33.0,8.0,0.5,60,1480,68,5,12,27,burger,mcdonalds
Chicken & Fish,Premium McWrap Southwest Chicken (Grilled Chicken),11.2 oz (318 g),520,20.0,6.0,0.0,80,1320,55,5,10,31,burger,mcdonalds
Chicken & Fish,Premium McWrap Chicken Sweet Chili (Crispy Chicken),10.7 oz (304 g),540,23.0,4.5,0.0,50,1260,61,3,14,23,burger,mcdonalds
Chicken & Fish,Premium McWrap Chicken Sweet Chili (Grilled Chicken),10.3 oz (291 g),380,10.0,3.0,0.0,65,1090,47,3,12,27,burger,mcdonalds
Chicken & Fish,Chicken McNuggets (4 piece),2.3 oz (65 g),190,12.0,2.0,0.0,25,360,12,1,0,9,burger,mcdonalds
Chicken & Fish,Chicken McNuggets (6 piece),3.4 oz (97 g),280,18.0,3.0,0.0,40,540,18,1,0,13,burger,mcdonalds
Chicken & Fish,Chicken McNuggets (10 piece),5.7 oz (162 g),470,30.0,5.0,0.0,65,900,30,2,0,22,burger,mcdonalds
Chicken & Fish,Chicken McNuggets (20 piece),11.4 oz (323 g),940,59.0,10.0,0.0,135,1800,59,3,0,44,burger,mcdonalds
Chicken & Fish,Chicken McNuggets (40 piece),22.8 oz (646 g),1880,118.0,20.0,1.0,265,3600,118,6,1,87,burger,mcdonalds
Chicken & Fish,Filet-O-Fish,5 oz (142 g),390,19.0,4.0,0.0,40,590,39,2,5,15,burger,mcdonalds
Salads,Premium Bacon Ranch Salad (without Chicken),7.9 oz (223 g),140,7.0,3.5,0.0,25,300,10,3,4,9,salad,mcdonalds
Salads,Premium Bacon Ranch Salad with Crispy Chicken,9 oz (255 g),380,21.0,6.0,0.0,70,860,22,2,5,25,salad,mcdonalds
Salads,Premium Bacon Ranch Salad with Grilled Chicken,8.5 oz (241 g),220,8.0,4.0,0.0,85,690,8,2,4,29,salad,mcdonalds
Salads,Premium Southwest Salad (without Chicken),8.1 oz (230 g),140,4.5,2.0,0.0,10,150,20,6,6,6,salad,mcdonalds
Salads,Premium Southwest Salad with Crispy Chicken,12.3 oz (348 g),450,22.0,4.5,0.0,50,850,42,7,12,23,salad,mcdonalds
Salads,Premium Southwest Salad with Grilled Chicken,11.8 oz (335 g),290,8.0,2.5,0.0,70,680,28,7,10,27,salad,mcdonalds
Snacks & Sides,Chipotle BBQ Snack Wrap (Crispy Chicken),4.6 oz (130 g),340,15.0,4.5,0.0,30,780,37,1,8,14,wrap,mcdonalds
Snacks & Sides,Chipotle BBQ Snack Wrap (Grilled Chicken),4.3 oz (123 g),260,8.0,3.5,0.0,40,700,30,1,7,16,wrap,mcdonalds
Snacks & Sides,Honey Mustard Snack Wrap (Crispy Chicken),4.3 oz (123 g),330,15.0,4.5,0.0,35,730,34,1,3,14,wrap,mcdonalds
Snacks & Sides,Honey Mustard Snack Wrap (Grilled Chicken),4.1 oz (116 g),250,8.0,3.5,0.0,45,650,27,1,2,16,wrap,mcdonalds
Snacks & Sides,Ranch Snack Wrap (Crispy Chicken),4.5 oz (128 g),360,20.0,5.0,0.0,40,810,32,1,3,15,wrap,mcdonalds
Snacks & Sides,Ranch Snack Wrap (Grilled Chicken),4.3 oz (121 g),280,13.0,4.5,0.0,45,720,25,1,2,16,wrap,mcdonalds
Snacks & Sides,Small French Fries,2.6 oz (75 g),230,11.0,1.5,0.0,0,130,30,2,0,2,sides,mcdonalds
Snacks & Sides,Medium French Fries,3.9 oz (111 g),340,16.0,2.5,0.0,0,190,44,4,0,4,sides,mcdonalds
Snacks & Sides,Large French Fries,5.9 oz (168 g),510,24.0,3.5,0.0,0,290,67,5,0,6,sides,mcdonalds
Snacks & Sides,Kids French Fries,1.3 oz (38 g),110,5.0,1.0,0.0,0,65,15,1,0,1,kids_menu,mcdonalds
Snacks & Sides,Side Salad,3.1 oz (87 g),20,0.0,0.0,0.0,0,10,4,1,2,1,salad,mcdonalds
Snacks & Sides,Apple Slices,1.2 oz (34 g),15,0.0,0.0,0.0,0,0,4,0,3,0,dessert,mcdonalds
Snacks & Sides,Fruit 'n Yogurt Parfait,5.2 oz (149 g),150,2.0,1.0,0.0,5,70,30,1,23,4,dessert,mcdonalds
Desserts,Baked Apple Pie,2.7 oz (77 g),250,13.0,7.0,0.0,0,170,32,4,13,2,dessert,mcdonalds
Desserts,Chocolate Chip Cookie,1 cookie (33 g),160,8.0,3.5,0.0,10,90,21,1,15,2,dessert,mcdonalds
Desserts,Oatmeal Raisin Cookie,1 cookie (33 g),150,6.0,2.5,0.0,10,135,22,1,13,2,dessert,mcdonalds
Desserts,Kids Ice Cream Cone,1 oz (29 g),45,1.5,1.0,0.0,5,20,7,0,6,1,dessert,mcdonalds
Desserts,Hot Fudge Sundae,6.3 oz (179 g),330,9.0,7.0,0.0,25,170,53,1,48,8,dessert,mcdonalds
Desserts,Hot Caramel Sundae,6.4 oz (182 g),340,8.0,5.0,0.0,30,150,60,0,43,7,dessert,mcdonalds
Desserts,Strawberry Sundae,6.3 oz (178 g),280,6.0,4.0,0.0,25,85,49,0,45,6,dessert,mcdonalds
Beverages,Coca-Cola Classic (Small),16 fl oz cup,140,0.0,0.0,0.0,0,0,39,0,39,0,beverage,mcdonalds
Beverages,Coca-Cola Classic (Medium),21 fl oz cup,200,0.0,0.0,0.0,0,5,55,0,55,0,beverage,mcdonalds
Beverages,Coca-Cola Classic (Large),30 fl oz cup,280,0.0,0.0,0.0,0,5,76,0,76,0,beverage,mcdonalds
Beverages,Coca-Cola Classic (Child),12 fl oz cup,100,0.0,0.0,0.0,0,0,28,0,28,0,beverage,mcdonalds
Beverages,Diet Coke (Small),16 fl oz cup,0,0.0,0.0,0.0,0,10,0,0,0,0,beverage,mcdonalds
Beverages,Diet Coke (Medium),21 fl oz cup,0,0.0,0.0,0.0,0,20,0,0,0,0,beverage,mcdonalds
Beverages,Diet Coke (Large),30 fl oz cup,0,0.0,0.0,0.0,0,35,0,0,0,0,beverage,mcdonalds
Beverages,Diet Coke (Child),12 fl oz cup,0,0.0,0.0,0.0,0,15,0,0,0,0,beverage,mcdonalds
Beverages,Dr Pepper (Small),16 fl oz cup,140,0.0,0.0,0.0,0,45,37,0,35,0,beverage,mcdonalds
Beverages,Dr Pepper (Medium),21 fl oz cup,190,0.0,0.0,0.0,0,65,53,0,51,0,beverage,mcdonalds
Beverages,Dr Pepper (Large),30 fl oz cup,270,0.0,0.0,0.0,0,90,72,0,70,0,beverage,mcdonalds
Beverages,Dr Pepper (Child),12 fl oz cup,100,0.0,0.0,0.0,0,30,27,0,26,0,beverage,mcdonalds
Beverages,Diet Dr Pepper (Small),16 fl oz cup,0,0.0,0.0,0.0,0,70,0,0,0,2,beverage,mcdonalds
Beverages,Diet Dr Pepper (Medium),21 fl oz cup,0,0.0,0.0,0.0,0,100,0,0,0,3,beverage,mcdonalds
Beverages,Diet Dr Pepper (Large),30 fl oz cup,0,0.0,0.0,0.0,0,140,0,0,0,4,beverage,mcdonalds
Beverages,Diet Dr Pepper (Child),12 fl oz cup,0,0.0,0.0,0.0,0,50,0,0,0,1,beverage,mcdonalds
Beverages,Sprite (Small),16 fl oz cup,140,0.0,0.0,0.0,0,30,37,0,37,0,beverage,mcdonalds
Beverages,Sprite (Medium),21 fl oz cup,200,0.0,0.0,0.0,0,45,54,0,54,0,beverage,mcdonalds
Beverages,Sprite (Large),30 fl oz cup,280,0.0,0.0,0.0,0,60,74,0,74,0,beverage,mcdonalds
Beverages,Sprite (Child),12 fl oz cup,100,0.0,0.0,0.0,0,25,27,0,27,0,beverage,mcdonalds
Beverages,1% Low Fat Milk Jug,1 carton (236 ml),100,2.5,1.5,0.0,10,125,12,0,12,8,beverage,mcdonalds
Beverages,Fat Free Chocolate Milk Jug,1 carton (236 ml),130,0.0,0.0,0.0,5,135,23,1,22,9,beverage,mcdonalds
Beverages,Minute Maid 100% Apple Juice Box,6 fl oz (177 ml),80,0.0,0.0,0.0,0,15,21,0,19,0,beverage,mcdonalds
Beverages,Minute Maid Orange Juice (Small),12 fl oz cup,150,0.0,0.0,0.0,0,0,34,0,30,2,beverage,mcdonalds
Beverages,Minute Maid Orange Juice (Medium),16 fl oz cup,190,0.0,0.0,0.0,0,0,44,0,39,3,beverage,mcdonalds
Beverages,Minute Maid Orange Juice (Large),22 fl oz cup,280,0.0,0.0,0.0,0,5,65,0,58,4,beverage,mcdonalds
Beverages,Dasani Water Bottle,16.9 fl oz,0,0.0,0.0,0.0,0,0,0,0,0,0,beverage,mcdonalds
Coffee & Tea,Iced Tea (Small),16 fl oz cup,0,0.0,0.0,0.0,0,10,0,0,0,0,beverage,mcdonalds
Coffee & Tea,Iced Tea (Medium),21 fl oz cup,0,0.0,0.0,0.0,0,10,0,0,0,0,beverage,mcdonalds
Coffee & Tea,Iced Tea (Large),30 fl oz cup,0,0.0,0.0,0.0,0,15,0,0,0,0,beverage,mcdonalds
Coffee & Tea,Iced Tea (Child),12 fl oz cup,0,0.0,0.0,0.0,0,5,0,0,0,0,beverage,mcdonalds
Coffee & Tea,Sweet Tea (Small),16 fl oz cup,150,0.0,0.0,0.0,0,10,36,0,36,1,beverage,mcdonalds
Coffee & Tea,Sweet Tea (Medium),21 fl oz cup,180,0.0,0.0,0.0,0,10,45,0,45,1,beverage,mcdonalds
Coffee & Tea,Sweet Tea (Large),30 fl oz cup,220,0.0,0.0,0.0,0,10,54,0,54,1,beverage,mcdonalds
Coffee & Tea,Sweet Tea (Child),12 fl oz cup,110,0.0,0.0,0.0,0,5,27,0,27,0,beverage,mcdonalds
Coffee & Tea,Coffee (Small),12 fl oz cup,0,0.0,0.0,0.0,0,0,0,0,0,0,beverage,mcdonalds
Coffee & Tea,Coffee (Medium),16 fl oz cup,0,0.0,0.0,0.0,0,0,0,0,0,0,beverage,mcdonalds
Coffee & Tea,Coffee (Large),16 fl oz cup,0,0.0,0.0,0.0,0,0,0,0,0,0,beverage,mcdonalds
Coffee & Tea,Latte (Small),12 fl oz cup,170,9.0,5.0,0.0,25,115,15,1,12,9,beverage,mcdonalds
Coffee & Tea,Latte (Medium),16 fl oz cup,210,10.0,6.0,0.0,30,140,18,1,15,11,beverage,mcdonalds
Coffee & Tea,Latte (Large),20 fl oz cup,280,14.0,8.0,0.0,40,180,24,1,20,15,beverage,mcdonalds
Coffee & Tea,Caramel Latte (Small),12 fl oz cup,270,9.0,5.0,0.0,25,115,40,1,38,9,beverage,mcdonalds
Coffee & Tea,Caramel Latte (Medium),16 fl oz cup,340,10.0,6.0,0.0,30,140,50,1,48,11,beverage,mcdonalds
Coffee & Tea,Caramel Latte (Large),20 fl oz cup,430,14.0,8.0,0.0,40,180,62,1,59,15,beverage,mcdonalds
Coffee & Tea,Hazelnut Latte (Small),12 fl oz cup,270,9.0,5.0,0.0,25,115,40,1,38,9,beverage,mcdonalds
Coffee & Tea,Hazelnut Latte (Medium),16 fl oz cup,330,10.0,6.0,0.0,30,140,50,1,47,11,beverage,mcdonalds
Coffee & Tea,Hazelnut Latte (Large),20 fl oz cup,430,14.0,8.0,0.0,40,180,62,1,58,15,beverage,mcdonalds
Coffee & Tea,French Vanilla Latte (Small),12 fl oz cup,260,9.0,5.0,0.0,25,115,38,1,36,9,beverage,mcdonalds
Coffee & Tea,French Vanilla Latte (Medium),16 fl oz cup,330,10.0,6.0,0.0,30,140,48,1,45,11,beverage,mcdonalds
Coffee & Tea,French Vanilla Latte (Large),20 fl oz cup,420,14.0,8.0,0.0,40,190,60,1,56,15,beverage,mcdonalds
Coffee & Tea,Latte with Sugar Free French Vanilla Syrup (Small),12 fl oz cup,210,9.0,5.0,0.0,25,150,24,1,12,9,beverage,mcdonalds
Coffee & Tea,Latte with Sugar Free French Vanilla Syrup (Medium),16 fl oz cup,260,10.0,6.0,0.0,30,190,29,1,15,12,beverage,mcdonalds
Coffee & Tea,Latte with Sugar Free French Vanilla Syrup (Large),20 fl oz cup,330,14.0,8.0,0.0,40,240,37,2,20,15,beverage,mcdonalds
Coffee & Tea,Nonfat Latte (Small),12 fl oz cup,100,0.0,0.0,0.0,5,110,15,1,13,10,beverage,mcdonalds
Coffee & Tea,Nonfat Latte (Medium),16 fl oz cup,130,0.0,0.0,0.0,5,135,19,1,16,12,beverage,mcdonalds
Coffee & Tea,Nonfat Latte (Large),20 fl oz cup,170,0.5,0.0,0.0,10,180,25,1,21,16,beverage,mcdonalds
Coffee & Tea,Nonfat Caramel Latte (Small),12 fl oz cup,200,0.0,0.0,0.0,5,110,41,1,39,10,beverage,mcdonalds
Coffee & Tea,Nonfat Caramel Latte (Medium),16 fl oz cup,250,0.0,0.0,0.0,5,135,51,1,48,12,beverage,mcdonalds
Coffee & Tea,Nonfat Caramel Latte (Large),20 fl oz cup,310,0.5,0.0,0.0,10,180,63,1,59,16,beverage,mcdonalds
Coffee & Tea,Nonfat Hazelnut Latte (Small),12 fl oz cup,200,0.0,0.0,0.0,5,110,40,1,38,10,beverage,mcdonalds
Coffee & Tea,Nonfat Hazelnut Latte (Medium),16 fl oz cup,250,0.0,0.0,0.0,5,135,51,1,48,12,beverage,mcdonalds
Coffee & Tea,Nonfat Hazelnut Latte (Large),20 fl oz cup,310,0.5,0.0,0.0,10,180,63,1,59,16,beverage,mcdonalds
Coffee & Tea,Nonfat French Vanilla Latte (Small),12 fl oz cup,190,0.0,0.0,0.0,5,115,39,1,37,10,beverage,mcdonalds
Coffee & Tea,Nonfat French Vanilla Latte (Medium),16 fl oz cup,240,0.0,0.0,0.0,5,140,49,1,46,12,beverage,mcdonalds
Coffee & Tea,Nonfat French Vanilla Latte (Large),20 fl oz cup,300,0.5,0.0,0.0,10,180,60,1,56,16,beverage,mcdonalds
Coffee & Tea,Nonfat Latte with Sugar Free French Vanilla Syrup (Small),12 fl oz cup,140,0.0,0.0,0.0,5,150,24,1,13,10,beverage,mcdonalds
Coffee & Tea,Nonfat Latte with Sugar Free French Vanilla Syrup (Medium),16 fl oz cup,170,0.0,0.0,0.0,5,180,30,1,16,12,beverage,mcdonalds
Coffee & Tea,Nonfat Latte with Sugar Free French Vanilla Syrup (Large),20 fl oz cup,220,0.5,0.0,0.0,10,240,38,2,21,16,beverage,mcdonalds
Coffee & Tea,Mocha (Small),12 fl oz cup,340,11.0,7.0,0.0,35,150,49,2,42,10,beverage,mcdonalds
Coffee & Tea,Mocha (Medium),16 fl oz cup,410,14.0,8.0,0.0,40,190,60,2,53,13,beverage,mcdonalds
Coffee & Tea,Mocha (Large),20 fl oz cup,500,17.0,10.0,0.5,50,240,72,2,63,16,beverage,mcdonalds
Coffee & Tea,Mocha with Nonfat Milk (Small),12 fl oz cup,270,3.5,2.0,0.0,15,150,49,2,43,11,beverage,mcdonalds
Coffee & Tea,Mocha with Nonfat Milk (Medium),16 fl oz cup,330,3.5,2.0,0.0,15,190,60,2,53,13,beverage,mcdonalds
Coffee & Tea,Mocha with Nonfat Milk (Large),20 fl oz cup,390,4.0,2.5,0.0,20,240,73,2,64,17,beverage,mcdonalds
Coffee & Tea,Caramel Mocha (Small),12 fl oz cup,320,11.0,7.0,0.0,35,170,45,1,40,10,beverage,mcdonalds
Coffee & Tea,Caramel Mocha (Medium),16 fl oz cup,390,14.0,8.0,0.5,40,220,55,1,50,12,beverage,mcdonalds
Coffee & Tea,Caramel Mocha (Large),20 fl oz cup,480,17.0,10.0,0.5,50,270,66,1,60,16,beverage,mcdonalds
Coffee & Tea,Nonfat Caramel Mocha (Small),12 fl oz cup,250,3.5,2.0,0.0,15,170,45,1,41,10,beverage,mcdonalds
Coffee & Tea,Nonfat Caramel Mocha (Medium),16 fl oz cup,310,3.5,2.0,0.0,15,210,56,1,51,13,beverage,mcdonalds
Coffee & Tea,Nonfat Caramel Mocha (Large),20 fl oz cup,370,3.5,2.5,0.0,20,270,67,1,61,17,beverage,mcdonalds
Coffee & Tea,Hot Chocolate (Small),12 fl oz cup,360,13.0,8.0,0.0,40,180,50,1,45,11,beverage,mcdonalds
Coffee & Tea,Hot Chocolate (Medium),16 fl oz cup,440,16.0,9.0,0.5,50,220,61,1,56,14,beverage,mcdonalds
Coffee & Tea,Hot Chocolate (Large),20 fl oz cup,540,20.0,12.0,0.5,60,280,73,1,68,17,beverage,mcdonalds
Coffee & Tea,Hot Chocolate with Nonfat Milk (Small),12 fl oz cup,280,3.5,2.0,0.0,15,180,50,1,46,12,beverage,mcdonalds
Coffee & Tea,Hot Chocolate with Nonfat Milk (Medium),16 fl oz cup,340,3.5,2.0,0.0,15,220,61,1,57,14,beverage,mcdonalds
Coffee & Tea,Hot Chocolate with Nonfat Milk (Large),20 fl oz cup,400,3.5,2.5,0.0,20,280,74,1,69,19,beverage,mcdonalds
Coffee & Tea,Regular Iced Coffee (Small),16 fl oz cup,140,4.5,3.0,0.0,15,35,23,0,22,1,beverage,mcdonalds
Coffee & Tea,Regular Iced Coffee (Medium),22 fl oz cup,190,7.0,4.5,0.0,25,50,31,0,30,1,beverage,mcdonalds
Coffee & Tea,Regular Iced Coffee (Large),32 fl oz cup,270,9.0,6.0,0.0,35,75,47,0,45,2,beverage,mcdonalds
Coffee & Tea,Caramel Iced Coffee (Small),16 fl oz cup,130,4.5,3.0,0.0,15,35,22,0,21,1,beverage,mcdonalds
Coffee & Tea,Caramel Iced Coffee (Medium),22 fl oz cup,180,7.0,4.5,0.0,25,50,29,0,28,1,beverage,mcdonalds
Coffee & Tea,Caramel Iced Coffee (Large),32 fl oz cup,260,9.0,6.0,0.0,35,65,43,0,42,2,beverage,mcdonalds
Coffee & Tea,Hazelnut Iced Coffee (Small),16 fl oz cup,130,4.5,3.0,0.0,15,35,21,0,20,1,beverage,mcdonalds
Coffee & Tea,Hazelnut Iced Coffee (Medium),22 fl oz cup,180,7.0,4.5,0.0,25,50,29,0,28,1,beverage,mcdonalds
Coffee & Tea,Hazelnut Iced Coffee (Large),32 fl oz cup,250,9.0,6.0,0.0,35,75,43,0,41,2,beverage,mcdonalds
Coffee & Tea,French Vanilla Iced Coffee (Small),16 fl oz cup,120,4.5,3.0,0.0,15,40,20,0,19,1,beverage,mcdonalds
Coffee & Tea,French Vanilla Iced Coffee (Medium),22 fl oz cup,170,7.0,4.5,0.0,25,55,27,0,26,1,beverage,mcdonalds
Coffee & Tea,French Vanilla Iced Coffee (Large),32 fl oz cup,240,9.0,6.0,0.0,35,80,41,0,39,2,beverage,mcdonalds
Coffee & Tea,Iced Coffee with Sugar Free French Vanilla Syrup (Small),16 fl oz cup,80,4.5,3.0,0.0,15,65,9,0,1,1,beverage,mcdonalds
Coffee & Tea,Iced Coffee with Sugar Free French Vanilla Syrup (Medium),22 fl oz cup,120,7.0,4.5,0.0,25,90,12,0,2,1,beverage,mcdonalds
Coffee & Tea,Iced Coffee with Sugar Free French Vanilla Syrup (Large),32 fl oz cup,160,9.0,6.0,0.0,35,135,18,0,2,2,beverage,mcdonalds
Coffee & Tea,Iced Mocha (Small),12 fl oz cup,290,11.0,7.0,0.0,35,125,41,1,34,8,beverage,mcdonalds
Coffee & Tea,Iced Mocha (Medium),16 fl oz cup,350,13.0,8.0,0.0,40,150,50,1,43,9,beverage,mcdonalds
Coffee & Tea,Iced Mocha (Large),22 fl oz cup,480,16.0,10.0,0.5,50,220,70,2,62,14,beverage,mcdonalds
Coffee & Tea,Iced Mocha with Nonfat Milk (Small),12 fl oz cup,240,5.0,3.0,0.0,20,125,41,1,35,8,beverage,mcdonalds
Coffee & Tea,Iced Mocha with Nonfat Milk (Medium),16 fl oz cup,290,5.0,3.5,0.0,20,150,50,1,43,10,beverage,mcdonalds
Coffee & Tea,Iced Mocha with Nonfat Milk (Large),22 fl oz cup,390,6.0,3.5,0.0,25,220,71,2,62,14,beverage,mcdonalds
Coffee & Tea,Iced Caramel Mocha (Small),12 fl oz cup,280,11.0,7.0,0.0,35,140,38,0,33,8,beverage,mcdonalds
Coffee & Tea,Iced Caramel Mocha (Medium),16 fl oz cup,340,13.0,7.0,0.0,40,170,46,1,41,9,beverage,mcdonalds
Coffee & Tea,Iced Caramel Mocha (Large),22 fl oz cup,460,16.0,10.0,0.5,50,250,65,1,59,13,beverage,mcdonalds
Coffee & Tea,Iced Nonfat Caramel Mocha (Small),12 fl oz cup,230,5.0,3.0,0.0,20,140,38,0,33,8,beverage,mcdonalds
Coffee & Tea,Iced Nonfat Caramel Mocha (Medium),16 fl oz cup,270,5.0,3.0,0.0,20,170,47,1,41,10,beverage,mcdonalds
Coffee & Tea,Iced Nonfat Caramel Mocha (Large),22 fl oz cup,370,6.0,3.5,0.0,25,250,65,1,59,14,beverage,mcdonalds
Coffee & Tea,Frappé Mocha (Small),12 fl oz cup,450,18.0,12.0,1.0,65,125,65,1,57,7,beverage,mcdonalds
Coffee & Tea,Frappé Mocha (Medium),16 fl oz cup,550,22.0,14.0,1.0,75,160,80,1,71,9,beverage,mcdonalds
Coffee & Tea,Frappé Mocha (Large),22 fl oz cup,670,26.0,17.0,1.0,90,190,98,1,88,11,beverage,mcdonalds
Coffee & Tea,Frappé Caramel (Small),12 fl oz cup,450,19.0,12.0,1.0,65,125,64,0,57,7,beverage,mcdonalds
Coffee & Tea,Frappé Caramel (Medium),16 fl oz cup,550,23.0,15.0,1.0,80,160,79,0,71,9,beverage,mcdonalds
Coffee & Tea,Frappé Caramel (Large),22 fl oz cup,670,27.0,17.0,1.5,95,190,96,0,88,11,beverage,mcdonalds
Coffee & Tea,Frappé Chocolate Chip (Small),12 fl oz cup,530,23.0,14.0,1.0,65,135,76,1,67,8,beverage,mcdonalds
Coffee & Tea,Frappé Chocolate Chip (Medium),16 fl oz cup,630,26.0,17.0,1.0,80,160,91,1,81,9,beverage,mcdonalds
Coffee & Tea,Frappé Chocolate Chip (Large),22 fl oz cup,760,31.0,20.0,1.5,95,200,111,1,99,12,beverage,mcdonalds
Smoothies & Shakes,Blueberry Pomegranate Smoothie (Small),12 fl oz cup,220,0.5,0.0,0.0,5,40,50,3,44,2,beverage,mcdonalds
Smoothies & Shakes,Blueberry Pomegranate Smoothie (Medium),16 fl oz cup,260,1.0,0.0,0.0,5,50,62,4,54,3,beverage,mcdonalds
Smoothies & Shakes,Blueberry Pomegranate Smoothie (Large),22 fl oz cup,340,1.0,0.5,0.0,5,65,79,5,70,4,beverage,mcdonalds
Smoothies & Shakes,Strawberry Banana Smoothie (Small),12 fl oz cup,210,0.5,0.0,0.0,5,50,47,3,44,3,beverage,mcdonalds
Smoothies & Shakes,Strawberry Banana Smoothie (Medium),16 fl oz cup,250,1.0,0.0,0.0,5,60,58,3,54,4,beverage,mcdonalds
Smoothies & Shakes,Strawberry Banana Smoothie (Large),22 fl oz cup,330,1.0,0.5,0.0,5,80,74,4,70,5,beverage,mcdonalds
Smoothies & Shakes,Mango Pineapple Smoothie (Small),12 fl oz cup,210,0.5,0.0,0.0,5,40,50,1,46,2,beverage,mcdonalds
Smoothies & Shakes,Mango Pineapple Smoothie (Medium),16 fl oz cup,260,1.0,0.0,0.0,5,45,61,1,56,3,beverage,mcdonalds
Smoothies & Shakes,Mango Pineapple Smoothie (Large),22 fl oz cup,340,1.0,0.5,0.0,5,60,78,2,72,4,beverage,mcdonalds
Smoothies & Shakes,Vanilla Shake (Small),12 fl oz cup,530,15.0,10.0,1.0,60,160,86,0,63,11,beverage,mcdonalds
Smoothies & Shakes,Vanilla Shake (Medium),16 fl oz cup,660,19.0,12.0,1.0,75,200,109,0,81,14,beverage,mcdonalds
Smoothies & Shakes,Vanilla Shake (Large),22 fl oz cup,820,23.0,15.0,1.0,90,260,135,0,101,18,beverage,mcdonalds
Smoothies & Shakes,Strawberry Shake (Small),12 fl oz cup,550,16.0,10.0,1.0,60,160,90,0,79,12,beverage,mcdonalds
Smoothies & Shakes,Strawberry Shake (Medium),16 fl oz cup,690,20.0,13.0,1.0,75,210,114,0,100,15,beverage,mcdonalds
Smoothies & Shakes,Strawberry Shake (Large),22 fl oz cup,850,24.0,15.0,1.0,90,260,140,0,123,18,beverage,mcdonalds
Smoothies & Shakes,Chocolate Shake (Small),12 fl oz cup,560,16.0,10.0,1.0,60,240,91,1,77,12,beverage,mcdonalds
Smoothies & Shakes,Chocolate Shake (Medium),16 fl oz cup,700,20.0,12.0,1.0,75,300,114,2,97,15,beverage,mcdonalds
Smoothies & Shakes,Chocolate Shake (Large),22 fl oz cup,850,23.0,15.0,1.0,85,380,141,2,120,19,beverage,mcdonalds
Smoothies & Shakes,Shamrock Shake (Medium),16 fl oz cup,660,19.0,12.0,1.0,75,210,109,0,93,14,beverage,mcdonalds
Smoothies & Shakes,Shamrock Shake (Large),22 fl oz cup,820,23.0,15.0,1.0,90,260,135,0,115,18,beverage,mcdonalds
Smoothies & Shakes,McFlurry with M&M’s Candies (Small),10.9 oz (310 g),650,23.0,14.0,0.5,50,180,96,1,89,13,beverage,mcdonalds
Smoothies & Shakes,McFlurry with M&M’s Candies (Medium),16.2 oz (460 g),930,33.0,20.0,1.0,75,260,139,2,128,20,beverage,mcdonalds
Smoothies & Shakes,McFlurry with M&M’s Candies (Snack),7.3 oz (207 g),430,15.0,10.0,0.0,35,120,64,1,59,9,beverage,mcdonalds
Smoothies & Shakes,McFlurry with Oreo Cookies (Small),10.1 oz (285 g),510,17.0,9.0,0.5,45,280,80,1,64,12,beverage,mcdonalds
Smoothies & Shakes,McFlurry with Oreo Cookies (Medium),13.4 oz (381 g),690,23.0,12.0,1.0,55,380,106,1,85,15,beverage,mcdonalds
Smoothies & Shakes,McFlurry with Oreo Cookies (Snack),6.7 oz (190 g),340,11.0,6.0,0.0,30,190,53,1,43,8,beverage,mcdonalds
Smoothies & Shakes,McFlurry with Reese's Peanut Butter Cups (Medium),14.2 oz (403 g),810,32.0,15.0,1.0,60,400,114,2,103,21,beverage,mcdonalds
Smoothies & Shakes,McFlurry with Reese's Peanut Butter Cups (Snack),7.1 oz (202 g),410,16.0,8.0,0.0,30,200,57,1,51,10,beverage,mcdonalds
sauce,home made sauce,30,41,3.4,0.3,NaN,NaN,0.5,2.3,0.2,1.5,0.4,sauce,mcdonalds
sauce,balsamico,30,22,0.8,0.1,NaN,NaN,0.6,3.2,0.1,3.2,0.0,sauce,mcdonalds
sauce,caesar,50,152,14,1.4,NaN,NaN,0.9,4,0.2,3,1.2,sauce,mcdonalds
Sandwich,BBQ Rib,208,580,31,10,0,60,1260,54,3,18,21,sandwich,subway
Sandwich,Black Forest Ham,219,260,4,1,0,30,750,42,5,7,19,sandwich,subway
Sandwich,Chicken & Bacon Ranch Melt,284,540,26,10,"0,5",100,1100,41,3,5,36,sandwich,subway
Sandwich,Chicken Mango Curry,234,330,7,"1,5",0,50,840,43,3,8,24,sandwich,subway
Sandwich,Chicken Tikka,205,290,5,1,0,50,720,39,2,5,23,sandwich,subway
Sandwich,Chicken Vindaloo,234,340,9,1,0,50,880,42,3,6,24,sandwich,subway
Sandwich,Classic Tuna,223,450,25,"4,5",0,40,610,38,2,5,19,sandwich,subway
Sandwich,Cold Cut Combo,213,330,12,"3,5",0,45,1060,40,2,5,16,sandwich,subway
Sandwich,Genoa Salami,208,430,23,8,0,60,1180,40,2,5,18,sandwich,subway
Sandwich,Italian B.M.T.®,213,380,17,6,0,50,1100,40,2,5,19,sandwich,subway
Sandwich,Meatball Marinara,205,430,18,7,0,40,1040,48,4,8,20,sandwich,subway
Sandwich,New Ham & Jack Slider,62,150,"4,5",2,0,20,470,18,1,1,8,sandwich,subway
Sandwich,New Italian Spice Slider,64,230,14,5,0,30,690,18,1,1,8,sandwich,subway
Sandwich,New Little Cheesesteak Slider,64,180,7,2,0,15,430,19,1,2,7,sandwich,subway
Sandwich,New Little Turkey Slider,71,200,10,"2,5",0,25,450,17,1,1,8,sandwich,subway
Sandwich,New Southwest Chicken Club,293,580,29,9,0,95,1230,43,4,6,34,sandwich,subway
Sandwich,New Steak Club,225,490,26,7,0,65,1290,40,2,6,26,sandwich,subway
Sandwich,NEW Ultimate Steak,216,600,35,14,1,80,1330,42,3,5,31,sandwich,subway
Sandwich,Oven Roasted Chicken ,233,270,"3,5","0,5",0,45,560,40,5,6,23,sandwich,subway
Sandwich,Paneer Tikka,262,570,30,16,"0,5",70,720,48,3,7,29,sandwich,subway
Sandwich,Roast Beef,233,290,"4,5","1,5",0,45,660,40,5,6,25,sandwich,subway
Sandwich,Rotisserie-Style Chicken,248,310,6,"2,5",0,55,560,40,5,6,29,sandwich,subway
Sandwich,Spicy Italian,208,450,24,9,0,60,1240,40,3,5,18,sandwich,subway
Sandwich,Steak & Cheese,161,340,10,"4,5",0,50,1050,39,2,5,23,sandwich,subway
Sandwich,Subway Club®,240,290,4,1,0,40,780,41,5,6,24,sandwich,subway
Sandwich,Sweet Onion Chicken Teriyaki,266,330,4,1,0,50,750,52,5,14,25,sandwich,subway
Sandwich,Turkey & Bacon Guacamole,511,800,30,7,0,85,2070,85,8,12,45,sandwich,subway
Sandwich,Turkey Breast,219,250,3,"0,5",0,25,650,40,5,6,18,sandwich,subway
Sandwich,Ultimate Meatball Marinara,271,730,46,19,1,80,1530,52,6,9,30,sandwich,subway
Sandwich,Ultimate Spicy Italian,190,730,52,21,1,105,1720,40,3,3,28,sandwich,subway
Sandwich,Veggie Delite®,163,200,2,0,0,0,280,39,5,5,9,sandwich,subway
Salad,Steak Club Salad,610,480,26,11,"0,5",115,1970,23,6,12,42,salad,subway
Breakfast,"Bacon, Egg & Cheese",198,450,20,7,0,190,1190,45,4,4,25,breakfast,subway
Breakfast,"Black Forest Ham, Egg & Cheese",212,410,16,5,0,185,1180,45,4,4,24,breakfast,subway
Breakfast,Egg & Cheese,183,380,15,"4,5",0,170,940,44,4,3,19,breakfast,subway
Breakfast,"Steak, Egg & Cheese",226,450,18,6,0,195,1260,46,4,4,28,breakfast,subway
Extras,Bacon,15,70,6,2,0,15,250,1,0,1,5,dessert,subway
Extras,Caramel Apple Cookie,51,210,6,3,0,10,65,37,0,26,2,dessert,subway
Extras,Chocolate Chip Cookie,45,210,10,5,0,10,120,29,1,18,2,dessert,subway
Extras,Chocolate Chip with M&M’s ,45,210,10,5,0,15,100,30,1,18,2,dessert,subway
Extras,Chocolate Chunk Cookie,45,210,10,5,0,10,100,30,1,17,2,dessert,subway
Extras,Dark Chocolate Cherry Cookie,47,200,8,4,0,0,100,33,1,24,2,dessert,subway
Extras,Double Chocolate,45,210,9,5,0,15,130,30,1,20,2,dessert,subway
Extras,Oatmeal Raisin Cookie,90,400,16,7,0,30,260,60,2,32,6,dessert,subway
Extras,Pepperoni,18,80,7,"2,5",0,20,300,1,0,0,3,dessert,subway
Extras,Raspberry Cheesecake Cookie,45,200,9,"4,5",0,15,120,29,0,16,2,dessert,subway
Extras,Raspberry Lemonade Cookie,47,230,11,6,0,10,100,31,0,20,2,dessert,subway
Extras,Sugar Cookie,90,460,24,12,0,30,260,56,2,28,4,dessert,subway
Extras,White Chip Macadamia Nut Cookie,45,220,11,5,0,15,130,28,1,17,2,dessert,subway
Wraps,Black Forest Ham,307,450,12,5,0,55,1680,58,4,5,29,wrap,subway
Wraps,Chicken & Bacon Ranch Melt,773,1590,78,30,"1,5",335,3930,112,7,7,118,wrap,subway
Wraps,Chipotle Southwest Steak & Cheese,381,740,35,12,1,95,2170,63,6,7,41,wrap,subway
Wraps,Cold Cut Combo,314,560,27,10,"0,5",90,2230,57,3,4,27,wrap,subway
Wraps,Cripsy Cauliflower Ranch Signature Wrap,375,820,35,8,0,5,2440,114,7,4,15,wrap,subway
Wraps,Italian B.M.T. ®,314,680,37,14,0,105,2310,58,4,4,32,wrap,subway
Wraps,Meatball Marinara,381,790,39,16,0,75,2160,77,8,12,34,wrap,subway
Wraps,NEW Cauliflower Fritter Curry Signature Wrap,361,790,31,7,0,5,2540,114,7,5,15,wrap,subway
Wraps,Oven Roasted Chicken,336,460,11,4,0,85,1350,54,3,5,38,wrap,subway
Wraps,Roast Beef,335,490,13,5,0,90,1560,54,4,5,42,wrap,subway
Wraps,Rotisserie-Style Chicken,364,550,16,7,0,115,1350,53,3,4,49,wrap,subway
Wraps,Savory Rotisserie-Style Chicken Caesar,358,680,30,12,0,135,1600,52,3,3,53,wrap,subway
Wraps,Spicy Italian,312,820,52,20,1,125,2580,57,4,3,31,wrap,subway
Wraps,Subway Club®,349,490,12,5,0,85,1790,55,4,5,40,wrap,subway
Wraps,Sweet Onion Chicken Teriyaki,382,540,12,"4,5",0,100,1620,70,4,13,42,wrap,subway
Wraps,Tuna,335,820,54,11,"0,5",75,1330,53,3,3,33,wrap,subway
Wraps,Turkey Breast,307,430,10,4,0,50,1550,54,3,4,28,wrap,subway
Wraps,"Turkey, Bacon & Guacamole",372,760,39,12,0,100,2350,59,5,5,42,wrap,subway
Wraps,Veggie Delite®,285,330,8,"3,5",0,0,800,56,4,5,10,wrap,subway
bread,Roasted Garlic,75,210,"2,5",0,0,0,1230,41,2,4,7,bread,subway
bread,9-Grain Honey Oat,75,190,2,0,0,0,270,39,4,5,8,bread,subway
bread,9-Grain Wheat,71,180,2,0,0,0,270,36,4,3,8,bread,subway
bread,Artisan Flatbread,87,220,4,"0,5",0,0,330,41,4,3,8,bread,subway
bread,Hearty Italian**,75,210,"2,5","0,5",0,0,340,40,2,3,7,bread,subway
bread,Italian,65,180,2,0,0,0,310,34,1,3,6,bread,subway
bread,Italian Herbs & Cheese,76,220,"4,5",2,0,10,500,37,2,3,9,bread,subway
bread,Jalapeño Cheese,79,220,5,2,0,10,660,37,2,3,9,bread,subway
bread,Mini 9-Grain Wheat,47,120,1,0,0,0,180,24,3,2,5,bread,subway
bread,Mini Italian,47,130,"1,5",0,0,0,230,25,1,2,5,bread,subway
bread,Monterey Cheddar**,75,220,5,"2,5",0,10,370,34,1,3,9,bread,subway
bread,Parmesan Oregano**,68,190,"2,5",0,0,0,460,37,2,3,7,bread,subway
bread,Rosemary & Sea Salt,75,220,3,"0,5",0,0,490,40,2,3,7,bread,subway
bread,Spinach Wrap,102,290,8,"3,5",0,0,780,48,2,1,8,bread,subway
bread,Tomato Basil Wrap,102,290,8,"3,5",0,0,730,49,2,1,8,bread,subway
bread_toppings,American - cheese,11,40,"3,5",2,0,10,200,1,0,0,2,extra,subway
bread_toppings,Cheddar - cheese,14,60,"4,5","2,5",0,15,90,0,0,0,4,extra,subway
bread_toppings,Monterey Cheddar - cheese,14,50,"4,5",3,0,15,90,0,0,0,3,extra,subway
bread_toppings,Pepperjack - cheese,11,50,4,"2,5",0,15,140,0,0,0,2,extra,subway
bread_toppings,Provolone - cheese,14,50,4,2,0,10,125,0,0,0,4,extra,subway
bread_toppings,Shredded Mozzarella - cheese,14,40,3,2,0,10,100,0,0,0,3,extra,subway
bread_toppings,Swiss - cheese,14,50,"4,5","2,5",0,15,30,0,0,0,4,extra,subway
bread_toppings,Pepperoni,18,80,7,"2,5",0,20,290,1,0,0,3,extra,subway
Sauces,Chipotle Southwest,14,80,7,1,0,5,110,1,0,1,0,sauce,subway
Sauces,Honey Mustard**,14,20,0,0,0,0,80,4,0,4,0,sauce,subway
Sauces,Light Mayonnaise,15,50,5,1,0,5,100,1,0,0,0,sauce,subway
Sauces,Oil,5,45,5,1,0,0,0,0,0,0,0,sauce,subway
Sauces,Ranch,14,70,8,"1,5",0,5,140,1,0,0,0,sauce,subway
Sauces,Red Wine Vinegar,4,0,0,0,0,0,0,0,0,0,0,sauce,subway
Sauces,Regular Mayonnaise,14,100,11,2,0,10,65,0,0,0,0,sauce,subway
Sauces,Savory Caesar**,14,80,9,"1,5",0,5,130,0,0,0,0,sauce,subway
Sauces,Spicy Brown Mustard,14,15,1,0,0,0,260,1,0,0,0,sauce,subway
Sauces,Subway® Vinaigrette,14,35,"3,5","0,5",0,0,110,1,0,1,0,sauce,subway
Sauces,Sweet Onion Sauce,18,30,0,0,0,0,75,8,0,7,0,sauce,subway
Sauces,Yellow Mustard,14,10,"0,5",0,0,0,170,1,0,0,0,sauce,subway
bread_toppings,Banana Peppers,4,0,0,0,0,0,65,0,0,0,0,extra,subway
bread_toppings,Black Olives,3,0,0,0,0,0,25,0,0,0,0,extra,subway
bread_toppings,Cucumbers,14,0,0,0,0,0,0,1,0,0,0,extra,subway
bread_toppings,Green Peppers,7,0,0,0,0,0,0,0,0,0,0,extra,subway
bread_toppings,Jalapenos,4,0,0,0,0,0,70,0,0,0,0,extra,subway
bread_toppings,Lettuce,21,0,0,0,0,0,0,1,0,0,0,extra,subway
bread_toppings,Pickles,9,0,0,0,0,0,115,0,0,0,0,extra,subway
bread_toppings,Red Onions,7,0,0,0,0,0,0,1,0,0,0,extra,subway
bread_toppings,Spinach,7,0,0,0,0,0,5,0,0,0,0,extra,subway
bread_toppings,Tomatoes,35,5,0,0,0,0,0,1,0,1,0,extra,subway
bread_toppings,Guacamole,35,70,6,1,0,0,100,3,2,0,1,extra,subway
bread_toppings,Shaved Steak,100,160,7,"2,5",0,55,760,5,0,3,20,extra,subway
bread_toppings,Parmesan Cheese,1,5,0,0,0,0,30,0,0,0,1,extra,subway
kids_menu,kids pak chicken,209,411,10,3.1,NaN,NaN,2.3,55,3.2,6.8,23,kids_menu,subway
kids_menu,kids pak turkey,180,409,15,2.8,NaN,NaN,1.9,52,3.5,4.5,15,kids_menu,subway
kids_menu,kids pak veggie,190,463,21,4,NaN,NaN,1.9,54,5.6,4.1,15,kids_menu,subway
kids_menu,kids pak tuna,184,463,20,3.7,NaN,NaN,2.3,54,3.4,4.3,16,kids_menu,subway
WHOPPER® SANDWICHES,WHOPPER® Sandwich,270,660,40.0,12.0,1.5,90,980,49,2,11,28,sides,burger_king
WHOPPER® SANDWICHES,WHOPPER® Sandwich with Cheese,292,740,46.0,16.0,2.0,115,1340,50,2,11,32,sides,burger_king
WHOPPER® SANDWICHES,Bacon & Cheese WHOPPER® Sandwich,303,790,51.0,17.0,2.0,125,1560,50,2,11,35,sides,burger_king
WHOPPER® SANDWICHES,DOUBLE WHOPPER® Sandwich,354,900,58.0,20.0,3.0,175,1050,49,2,11,48,sides,burger_king
WHOPPER® SANDWICHES,DOUBLE WHOPPER® Sandwich with Cheese,377,980,64.0,24.0,3.0,195,1410,50,2,11,52,sides,burger_king
WHOPPER® SANDWICHES,TRIPLE WHOPPER® Sandwich,438,1130,75.0,28.0,4.0,255,1120,49,2,11,67,sides,burger_king
WHOPPER® SANDWICHES,TRIPLE WHOPPER® Sandwich with Cheese,461,1220,82.0,32.0,4.5,280,1470,50,2,11,71,sides,burger_king
WHOPPER® SANDWICHES,WHOPPER JR.®,134,310,18.0,5.0,0.5,40,390,27,1,7,13,sides,burger_king
FLAME BROILED BURGERS,BACON KING™ Sandwich,356,1150,79.0,31.0,3.5,240,2150,49,2,10,61,burger,burger_king
FLAME BROILED BURGERS,Cheddar BACON KING™ Sandwich,366,1190,84.0,33.0,3.5,235,1930,50,2,11,64,burger,burger_king
FLAME BROILED BURGERS,Single Quarter Pound KING™ Sandwich,231,580,29.0,13.0,1.5,105,1310,49,2,10,32,burger,burger_king
FLAME BROILED BURGERS,Double Quarter Pound KING™ Sandwich,338,900,54.0,25.0,3.0,210,1740,50,2,11,56,burger,burger_king
FLAME BROILED BURGERS,Single STACKER KING™,223,700,42.0,16.0,2.0,125,1360,48,1,10,35,burger,burger_king
FLAME BROILED BURGERS,Double STACKER KING™,334,1050,68.0,28.0,3.5,235,1870,49,1,11,61,burger,burger_king
FLAME BROILED BURGERS,IMPOSSIBLE™ WHOPPER® Sandwich**,285,630,34.0,11.0,0.0,10,1080,58,4,12,25,burger,burger_king
FLAME BROILED BURGERS,Hamburger,99,240,10.0,3.5,0.5,35,380,26,1,6,13,burger,burger_king
FLAME BROILED BURGERS,Cheeseburger,111,280,13.0,6.0,0.5,45,560,27,1,7,15,burger,burger_king
FLAME BROILED BURGERS,Double Hamburger,136,350,18.0,7.0,1.0,70,410,26,1,6,21,burger,burger_king
FLAME BROILED BURGERS,Double Cheeseburger,148,390,21.0,9.0,1.5,85,590,27,1,7,23,burger,burger_king
FLAME BROILED BURGERS,Extra Long Cheeseburger,226,630,37.0,14.0,1.5,100,1050,45,2,9,29,burger,burger_king
FLAME BROILED BURGERS,Bacon Cheeseburger,118,320,16.0,7.0,0.5,55,710,27,1,7,17,burger,burger_king
FLAME BROILED BURGERS,Bacon Double Cheeseburger,155,420,24.0,10.0,1.5,90,740,27,1,7,25,burger,burger_king
CHICKEN & MORE,Crispy Chicken Sandwich,228,670,41.0,7.0,0.0,60,1080,54,2,8,23,burger,burger_king
CHICKEN & MORE,Spicy Crispy Chicken Sandwich,242,700,42.0,7.0,0.0,65,1140,57,3,8,25,burger,burger_king
CHICKEN & MORE,Original Chicken Sandwich,219,660,40.0,7.0,0.0,75,1170,48,2,5,28,burger,burger_king
CHICKEN & MORE,Bacon & Cheese Crispy Chicken Sandwich,262,800,52.0,13.0,1.0,95,1650,55,2,8,30,burger,burger_king
CHICKEN & MORE,BBQ Bacon Crispy Chicken Sandwich,249,790,49.0,10.0,0.5,80,1630,60,2,13,28,burger,burger_king
CHICKEN & MORE,Crispy Chicken Jr.,142,450,30.0,5.0,0.0,30,780,34,2,5,12,burger,burger_king
CHICKEN & MORE,Spicy Crispy Chicken Jr.,142,390,21.0,3.5,0.0,30,740,37,2,6,12,burger,burger_king
CHICKEN & MORE,Chicken Nuggets- 4pc,58,170,11.0,1.5,0.0,25,310,11,1,0,8,burger,burger_king
CHICKEN & MORE,Chicken Nuggets- 6pc,88,260,16.0,2.5,0.0,35,470,16,1,0,12,burger,burger_king
CHICKEN & MORE,Chicken Nuggets- 10pc,146,430,27.0,4.5,0.0,55,780,27,2,0,20,burger,burger_king
CHICKEN & MORE,Chicken Nuggets- 20pc,292,860,54.0,9.0,0.0,115,1570,53,3,1,39,burger,burger_king
CHICKEN & MORE,Spicy Chicken Nuggets- 4pc,66,210,15.0,3.0,0.0,20,570,11,2,0,8,burger,burger_king
CHICKEN & MORE,Spicy Chicken Nuggets- 6pc,99,320,22.0,4.5,0.0,35,850,17,3,0,12,burger,burger_king
CHICKEN & MORE,Spicy Chicken Nuggets- 10 pc,165,530,37.0,7.0,0.0,55,1420,28,4,1,20,burger,burger_king
CHICKEN & MORE,Spicy Chicken Nuggets- 20 pc,330,1050,74.0,15.0,0.0,110,2840,56,9,1,40,burger,burger_king
CHICKEN & MORE,Chicken Fries - 9 pc.,91,280,17.0,2.5,0.0,35,850,20,1,1,13,burger,burger_king
CHICKEN & MORE,Crispy Taco,76,170,9.0,3.0,0.0,10,410,19,2,1,5,burger,burger_king
CHICKEN & MORE,BIG FISH™ Sandwich,188,510,28.0,4.5,0.0,30,1180,51,2,7,16,burger,burger_king
salad,Garden Chicken Salad with Crispy Chicken - no dressing,287,440,25.0,7.0,0.0,75,930,31,3,4,25,salad,burger_king
salad,Club Salad with Crispy Chicken - no dressing,308,540,33.0,10.0,0.0,95,1380,31,3,5,31,salad,burger_king
salad,Garden Side Salad - w/o dressing,99,60,4.0,2.5,0.0,10,95,3,1,2,4,salad,burger_king
sauce,Ken's Ranch Dressing,43,260,28.0,4.0,0.0,10,240,2,0,2,1,sauce,burger_king
sauce,Ken's Golden Italian Dressing,43,160,17.0,2.5,0.0,0,380,4,0,3,0,sauce,burger_king
sauce,Ken's Lite Honey Balsamic Vinaigrette,43,120,8.0,1.0,0.0,0,220,14,0,11,0,sauce,burger_king
extra,Buttery Garlic Croutons- Packet,14,60,2.5,0.0,0.0,10,180,9,0,1,1,extra,burger_king
sides,Onion Rings - value,43,150,8.0,1.5,0.0,0,400,19,1,2,1,burger,burger_king
sides,Onion Rings - small,91,320,16.0,3.0,0.0,0,840,41,3,4,3,burger,burger_king
sides,Onion Rings - medium,117,410,21.0,3.5,0.0,0,1080,53,4,5,4,burger,burger_king
sides,Onion Rings - large,142,500,25.0,4.5,0.0,0,1310,64,5,7,5,burger,burger_king
sides,French Fries - value (unsalted),89,220,9.0,1.5,0.0,0,210,34,3,1,2,burger,burger_king
sides,French Fries - small (unsalted),128,320,13.0,2.0,0.0,0,300,49,5,1,4,burger,burger_king
sides,French Fries - medium (unsalted),153,380,16.0,2.0,0.0,0,360,58,6,1,4,burger,burger_king
sides,French Fries - large (unsalted),173,430,18.0,2.5,0.0,0,410,66,7,2,5,burger,burger_king
KING JR™ MEALS,Kids Oatmeal,167,170,3.0,1.5,0.0,5,260,32,3,12,4,kids_menu,burger_king
KING JR™ MEALS,Chicken Nuggets- 4pc,58,170,11.0,1.5,0.0,25,310,11,1,0,8,kids_menu,burger_king
KING JR™ MEALS,Chicken Nuggets- 6pc,88,260,16.0,2.5,0.0,35,470,16,1,0,12,kids_menu,burger_king
KING JR™ MEALS,Hamburger,99,240,10.0,3.5,0.5,35,380,26,1,6,13,kids_menu,burger_king
KING JR™ MEALS,Cheeseburger,111,280,13.0,6.0,0.5,45,560,27,1,7,15,kids_menu,burger_king
KING JR™ MEALS,Mott's® Natural Applesauce,111,50,0.0,0.0,0.0,0,0,13,1,11,0,kids_menu,burger_king
KING JR™ MEALS,PB&J Jamwich,79,300,16.0,3.0,0.0,0,290,33,4,11,11,kids_menu,burger_king
KING JR™ MEALS,Soft Serve Cone,120,190,4.5,3.0,0.0,20,150,32,0,24,5,kids_menu,burger_king
KING JR™ MEALS,Dutch Apple Pie,107,340,14.0,6.0,0.0,0,310,51,1,25,3,kids_menu,burger_king
KING JR™ MEALS,HERSHEY®'S Sundae Pie,79,310,19.0,12.0,0.0,10,220,32,1,22,3,kids_menu,burger_king
KING JR™ MEALS,Pie made with TWIX®,102,370,20.0,13.0,0.0,10,330,45,1,30,4,kids_menu,burger_king
KING JR™ MEALS,OREO® Cookie Cheesecake,92,350,18.0,8.0,0.0,35,310,41,1,25,6,kids_menu,burger_king
KING JR™ MEALS,Soft Serve Cone,120,190,4.5,3.0,0.0,20,150,32,0,24,5,kids_menu,burger_king
KING JR™ MEALS,Soft Serve Cup,115,170,4.5,3.0,0.0,20,150,28,0,24,5,kids_menu,burger_king
KING JR™ MEALS,HERSHEY®'s Chocolate Sundae,149,260,5.0,3.0,0.0,20,160,49,1,43,5,kids_menu,burger_king
KING JR™ MEALS,Caramel Sundae,137,240,5.0,3.5,0.0,20,210,42,0,33,5,kids_menu,burger_king
KING JR™ MEALS,Chocolate Chip Cookies (each),38,160,8.0,4.0,0.0,10,125,24,1,15,2,kids_menu,burger_king
BREAKFAST,CROISSAN'WICH® Egg & Cheese,125,340,18.0,8.0,0.0,160,610,29,1,4,12,breakfast,burger_king
BREAKFAST,"CROISSAN'WICH® Sausage, Egg & Cheese",169,500,33.0,13.0,0.0,195,930,30,1,4,19,breakfast,burger_king
BREAKFAST,"CROISSAN'WICH® Ham, Egg & Cheese",156,370,19.0,8.0,0.0,175,1030,30,1,5,17,breakfast,burger_king
BREAKFAST,"CROISSAN'WICH® Bacon, Egg & Cheese",132,370,21.0,9.0,0.0,170,760,30,1,4,14,breakfast,burger_king
BREAKFAST,Fully Loaded CROISSAN'WICH®,218,610,40.0,17.0,0.5,225,1680,31,1,5,28,breakfast,burger_king
BREAKFAST,Double CROISSAN'WICH® with Sausage & Bacon,187,580,40.0,16.0,0.5,215,1260,31,1,5,23,breakfast,burger_king
BREAKFAST,Double CROISSAN'WICH® with Sausage,224,710,52.0,20.0,0.5,240,1420,31,1,5,29,breakfast,burger_king
BREAKFAST,Double CROISSAN'WICH® with Ham & Sausage,211,580,38.0,16.0,0.5,220,1530,31,1,5,27,breakfast,burger_king
BREAKFAST,Fully Loaded Biscuit,238,640,45.0,20.0,0.0,225,2190,31,1,4,28,breakfast,burger_king
BREAKFAST,"Ham, Egg, & Cheese Biscuit",176,400,24.0,12.0,0.0,175,1550,29,1,3,17,breakfast,burger_king
BREAKFAST,"Sausage, Egg, & Cheese Biscuit",189,530,38.0,17.0,0.0,195,1440,29,1,3,19,breakfast,burger_king
BREAKFAST,"Bacon, Egg & Cheese Biscuit",152,400,26.0,13.0,0.0,170,1270,29,1,3,13,breakfast,burger_king
BREAKFAST,Sausage Biscuit,121,420,28.0,6.0,0.0,35,1050,28,1,2,12,breakfast,burger_king
BREAKFAST,Breakfast Burrito Jr.,143,370,23.0,8.0,0.0,150,930,27,3,2,15,breakfast,burger_king
BREAKFAST,EGG-NORMOUS BURRITO™,310,780,42.0,15.0,0.0,355,1960,68,3,4,32,breakfast,burger_king
BREAKFAST,BK™ Ultimate Breakfast Platter,390,930,44.0,11.0,0.0,390,2230,110,4,40,24,breakfast,burger_king
BREAKFAST,NY Ultimate Platter (Regional menu item),400,900,46.0,12.0,0.0,380,1760,95,5,31,25,breakfast,burger_king
BREAKFAST,Pancake and Sausage platter,217,610,31.0,9.0,0.0,80,1010,72,1,30,12,breakfast,burger_king
BREAKFAST,Hash Browns - small,84,250,16.0,3.5,0.0,0,580,24,3,0,2,breakfast,burger_king
BREAKFAST,Hash Browns - medium,169,500,33.0,7.0,0.0,0,1140,48,7,0,4,breakfast,burger_king
BREAKFAST,Hash Browns - large,225,670,44.0,9.0,0.0,0,1530,65,9,0,5,breakfast,burger_king
BREAKFAST,French Toast Sticks (3 piece),65,230,11.0,2.0,0.0,0,260,29,1,8,3,breakfast,burger_king
BREAKFAST,French Toast Sticks (5 piece),109,380,18.0,3.0,0.0,0,430,49,2,13,5,breakfast,burger_king
BREAKFAST,American Cheese (slice),11,40,3.5,2.0,0.0,10,180,1,0,0,2,breakfast,burger_king
BREAKFAST,Ketchup (Packet),10,10,0.0,0.0,0.0,0,125,3,0,2,0,breakfast,burger_king
BREAKFAST,Mayonnaise (Packet),12,80,9.0,0.5,0.0,10,75,1,0,0,0,breakfast,burger_king
BREAKFAST,Strawberry or Grape Jam (packet),12,30,0.0,0.0,0.0,0,0,7,0,6,0,breakfast,burger_king
BREAKFAST,Breakfast Syrup (1 oz),41,120,0.0,0.0,0.0,0,15,30,0,18,0,breakfast,burger_king
BREAKFAST,Barbecue Dipping Sauce (1 oz),28,40,0.0,0.0,0.0,0,310,11,0,10,0,breakfast,burger_king
BREAKFAST,Ranch Dipping Sauce (1 oz),28,140,15.0,2.5,0.0,10,85,1,0,1,1,breakfast,burger_king
BREAKFAST,Buffalo Dipping Sauce (1 oz),28,80,8.0,1.5,0.0,5,360,2,0,1,0,breakfast,burger_king
BREAKFAST,Zesty Onion Ring Dipping Sauce (1 oz),28,150,15.0,2.5,0.0,20,240,3,0,0,0,breakfast,burger_king
BREAKFAST,Honey Mustard Dipping Sauce (1oz),28,90,6.0,1.0,0.0,10,180,8,0,7,0,breakfast,burger_king
BEVERAGES,Fat FREE Milk (8 fl oz),8 fl oz,90,0.0,0.0,0.0,5,125,13,0,12,9,beverage,burger_king
BEVERAGES,1% Low Fat Chocolate Milk (8 fl oz),8 fl oz,160,2.5,1.5,0.0,15,150,26,0,25,8,beverage,burger_king
BEVERAGES,Smoothie: Strawberry Banana 16 fl oz,16 fl oz,310,1.0,0.0,0.0,0,55,71,3,50,4,beverage,burger_king
BEVERAGES,Oreo® Shake,12 fl oz,720,20.0,12.0,0.5,65,540,118,1,98,16,beverage,burger_king
BEVERAGES,Chocolate Oreo® Shake,12 fl oz,740,22.0,13.0,0.5,70,680,121,1,101,17,beverage,burger_king
BEVERAGES,Vanilla Milk Shake,12 fl oz,580,15.0,10.0,0.0,60,420,98,0,85,14,beverage,burger_king
BEVERAGES,HERSHEY®'S Chocolate Milk Shake,12 fl oz,610,16.0,10.0,0.0,60,500,103,1,88,14,beverage,burger_king
BEVERAGES,Strawberry Milk Shake,12 fl oz,640,15.0,10.0,0.0,60,440,113,0,99,14,beverage,burger_king
BEVERAGES,Coca Cola classic,16 fl oz,210,0.0,0.0,0.0,0,50,58,0,58,0,beverage,burger_king
BEVERAGES,Coca Cola classic,20 fl oz,270,0.0,0.0,0.0,0,60,73,0,73,0,beverage,burger_king
BEVERAGES,Coca Cola classic,29 fl oz,390,0.0,0.0,0.0,0,85,105,0,105,0,beverage,burger_king
BEVERAGES,Coca Cola classic,38 fl oz,510,0.0,0.0,0.0,0,115,138,0,138,0,beverage,burger_king
BEVERAGES,Diet Coke,16 fl oz,0,0.0,0.0,0.0,70,0,0,0,0,0,beverage,burger_king
BEVERAGES,Diet Coke,20 fl oz,0,0.0,0.0,0.0,85,0,0,0,0,0,beverage,burger_king
BEVERAGES,Diet Coke,29 fl oz,0,0.0,0.0,0.0,120,0,0,0,0,0,beverage,burger_king
BEVERAGES,Diet Coke,38 fl oz,0,0.0,0.0,0.0,160,0,0,0,0,0,beverage,burger_king
BEVERAGES,Sprite,16 fl oz,210,0.0,0.0,0.0,0,95,56,0,56,0,beverage,burger_king
BEVERAGES,Sprite,20 fl oz,260,0.0,0.0,0.0,0,120,70,0,70,0,beverage,burger_king
BEVERAGES,Sprite,29 fl oz,380,0.0,0.0,0.0,0,170,102,0,102,0,beverage,burger_king
BEVERAGES,Sprite,38 fl oz,500,0.0,0.0,0.0,0,230,133,0,133,0,beverage,burger_king
BEVERAGES,Dr. Pepper,16 fl oz,190,0.0,0.0,0.0,0,60,52,0,51,0,beverage,burger_king
BEVERAGES,Dr. Pepper,20 fl oz,240,0.0,0.0,0.0,0,75,65,0,64,0,beverage,burger_king
BEVERAGES,Dr. Pepper,29 fl oz,350,0.0,0.0,0.0,0,105,94,0,93,0,beverage,burger_king
BEVERAGES,Dr. Pepper,38 fl oz,450,0.0,0.0,0.0,0,140,124,0,121,0,beverage,burger_king
BEVERAGES,Barq's Root Beer,16 fl oz,240,0.0,0.0,0.0,0,100,65,0,65,0,beverage,burger_king
BEVERAGES,Barq's Root Beer,20 fl oz,300,0.0,0.0,0.0,0,120,81,0,81,0,beverage,burger_king
BEVERAGES,Barq's Root Beer,29 fl oz,430,0.0,0.0,0.0,0,180,118,0,118,0,beverage,burger_king
BEVERAGES,Barq's Root Beer,38 fl oz,570,0.0,0.0,0.0,0,230,155,0,155,0,beverage,burger_king
BEVERAGES,Cherry Coke,16 fl oz,220,0.0,0.0,0.0,0,55,61,0,61,0,beverage,burger_king
BEVERAGES,Cherry Coke,20 fl oz,280,0.0,0.0,0.0,0,70,76,0,76,0,beverage,burger_king
BEVERAGES,Cherry Coke,29 fl oz,410,0.0,0.0,0.0,0,100,110,0,110,0,beverage,burger_king
BEVERAGES,Cherry Coke,38 fl oz,530,0.0,0.0,0.0,0,130,145,0,145,0,beverage,burger_king
BEVERAGES,Fanta Orange,16 fl oz,230,0.0,0.0,0.0,0,60,62,0,61,0,beverage,burger_king
BEVERAGES,Fanta Orange,20 fl oz,280,0.0,0.0,0.0,0,70,78,0,77,0,beverage,burger_king
BEVERAGES,Fanta Orange,29 fl oz,410,0.0,0.0,0.0,0,105,113,0,111,0,beverage,burger_king
BEVERAGES,Fanta Orange,38 fl oz,540,0.0,0.0,0.0,0,135,148,0,146,0,beverage,burger_king
BEVERAGES,Hi-C Fruit Punch,16 fl oz,220,0.0,0.0,0.0,0,75,62,0,60,0,beverage,burger_king
BEVERAGES,Hi-C Fruit Punch,20 fl oz,280,0.0,0.0,0.0,0,95,77,0,75,0,beverage,burger_king
BEVERAGES,Hi-C Fruit Punch,29 fl oz,410,0.0,0.0,0.0,0,135,111,0,109,0,beverage,burger_king
BEVERAGES,Hi-C Fruit Punch,38 fl oz,530,0.0,0.0,0.0,0,180,146,0,143,0,beverage,burger_king
BEVERAGES,Minute Maid Light Lemonade,16 fl oz,10,0.0,0.0,0.0,0,60,3,0,0,0,beverage,burger_king
BEVERAGES,Minute Maid Light Lemonade,20 fl oz,10,0.0,0.0,0.0,0,70,4,0,0,0,beverage,burger_king
BEVERAGES,Minute Maid Light Lemonade,29 fl oz,15,0.0,0.0,0.0,0,105,5,0,0,0,beverage,burger_king
BEVERAGES,Minute Maid Light Lemonade,38 fl oz,20,0.0,0.0,0.0,0,135,7,0,0,0,beverage,burger_king
BEVERAGES,Sweet Tea,20 fl oz,120,0.0,0.0,0.0,0,0,35,0,35,0,beverage,burger_king
BEVERAGES,Sweet Tea,29 fl oz,160,0.0,0.0,0.0,0,0,49,0,49,0,beverage,burger_king
BEVERAGES,Sweet Tea,40 fl oz,240,0.0,0.0,0.0,0,0,71,0,71,0,beverage,burger_king
BEVERAGES,Unsweetened Tea,20 fl oz,0,0.0,0.0,0.0,0,0,0,0,0,0,beverage,burger_king
BEVERAGES,Unsweetened Tea,29 fl oz,0,0.0,0.0,0.0,0,0,0,0,0,0,beverage,burger_king
BEVERAGES,Unsweetened Tea,40 fl oz,0,0.0,0.0,0.0,0,0,0,0,0,0,beverage,burger_king
BEVERAGES,Capri Sun 100% Apple Juice,1 pouch,80,0.0,0.0,0.0,0,25,20,0,20,0,beverage,burger_king
BEVERAGES,Minute Maid Orange Juice,10 fl oz,140,0.0,0.0,0.0,0,20,33,0,30,2,beverage,burger_king
BEVERAGES,Frozen Coke - 16 oz,16 fl oz,130,0.0,0.0,0.0,0,50,35,0,35,0,beverage,burger_king
BEVERAGES,BK® Café Coffee- 12 fl oz,12 fl oz,0,0.0,0.0,0.0,0,0,0,0,0,0,beverage,burger_king
BEVERAGES,BK® Café Coffee- 16 fl oz,16 fl oz,0,0.0,0.0,0.0,0,0,0,0,0,0,beverage,burger_king
BEVERAGES,BK® Café Coffee- 20 fl oz,20 fl oz,0,0.0,0.0,0.0,0,0,0,0,0,0,beverage,burger_king
BEVERAGES,BK® Café Decaf Coffee- 12 fl oz,12 fl oz,0,0.0,0.0,0.0,0,0,0,0,0,0,beverage,burger_king
BEVERAGES,BK® Café Decaf Coffee- 16 fl oz,16 fl oz,0,0.0,0.0,0.0,0,0,0,0,0,0,beverage,burger_king
BEVERAGES,BK® Café Decaf Coffee- 20 fl oz,20 fl oz,0,0.0,0.0,0.0,0,0,0,0,0,0,beverage,burger_king
BEVERAGES,BK® Café Iced Vanilla Coffee- 12 fl oz,12 fl oz,150,8.0,4.0,0.0,25,30,21,0,21,1,beverage,burger_king
BEVERAGES,BK® Café Iced Vanilla Coffee- 16 fl oz,16 fl oz,200,10.0,5.0,0.0,30,40,27,0,27,2,beverage,burger_king
BEVERAGES,BK® Café Iced Vanilla Coffee- 20 fl oz,20 fl oz,260,13.0,7.0,0.0,40,50,34,0,34,2,beverage,burger_king
BEVERAGES,BK® Café Iced Mocha Coffee- 12 fl oz,12 fl oz,180,8.0,4.0,0.0,25,40,27,1,25,2,beverage,burger_king
BEVERAGES,BK® Café Iced Mocha Coffee- 16 fl oz,16 fl oz,240,10.0,6.0,0.0,30,55,35,1,32,2,beverage,burger_king
BEVERAGES,BK® Café Iced Mocha Coffee- 20 fl oz,20 fl oz,300,13.0,7.0,0.0,40,70,45,2,41,3,beverage,burger_king
BEVERAGES,BK® Café Mocha Frappe- 12 fl oz,12 fl oz,300,8.0,5.0,0.0,30,200,50,1,41,7,beverage,burger_king
BEVERAGES,BK® Café Mocha Frappe- 16 fl oz,16 fl oz,400,10.0,7.0,0.0,40,270,68,1,58,9,beverage,burger_king
BEVERAGES,BK® Café Mocha Frappe- 20 fl oz,20 fl oz,510,13.0,8.0,0.0,50,350,87,1,71,12,beverage,burger_king
BEVERAGES,BK® Café Caramel Frappe- 12 fl oz,12 fl oz,300,8.0,5.0,0.0,35,210,50,0,41,7,beverage,burger_king
BEVERAGES,BK® Café Caramel Frappe- 16 fl oz,16 fl oz,400,10.0,7.0,0.0,40,280,68,0,56,9,beverage,burger_king
BEVERAGES,BK® Café Caramel Frappe- 20 fl oz,20 fl oz,500,12.0,8.0,0.0,50,350,86,0,71,11,beverage,burger_king
